:020000040800F2
:10C00000A03C0020DDC10008CD0701084FFE00085C
:10C01000C907010885C80008AD1801080000000024
:10C0200000000000000000000000000045C1000802
:10C03000C9C900080000000089C1000855110108A5
:10C04000F7C10008F7C10008F7C10008F7C10008F0
:10C05000F7C10008F7C10008F7C10008F7C10008E0
:10C06000F7C10008F7C10008F7C10008F7C10008D0
:10C07000F7C100088DC90008F7C10008F7C1000822
:10C08000F7C10008F7C10008F7C10008F7C10008B0
:10C090009D18010889C80008F7C10008F7C1000809
:10C0A000F7C10008F7C10008F7C10008F7C1000890
:10C0B000F7C10008F7C10008D5110108F7C1000851
:10C0C000F7C10008F7C10008F7C10008F7C1000870
:10C0D000F7C100086D1801087D1801088D180108C6
:10C0E000F7C10008F7C10008F7C10008F7C1000850
:10C0F000F7C10008F7C10008F7C10008F7C1000840
:10C10000F7C10008F7C10008F7C10008F7C100082F
:10C11000F7C10008F7C10008F7C10008F7C100081F
:10C12000F7C10008F7C10008F7C10008F7C100080F
:10C13000DFF80CD000F03EFB004800477D250108E9
:10C14000A03C0020224B19680868B0E8F00F80F38B
:10C150000988BFF36F8F4FF0000080F311884EF015
:10C160000D0E70470000000006480068006880F36C
:10C17000088862B661B6BFF34F8FBFF36F8F00DFE1
:10C1800000BF00BF08ED00E0EFF30980BFF36F8F41
:10C190000F4B1A6820E9F00F106008B54FF05000FF
:10C1A00080F31188BFF34F8FBFF36F8F07F0F8FE56
:10C1B0004FF0000080F31188BDE808401968086856
:10C1C000B0E8F00F80F30988BFF36F8F704700BFAE
:10C1D0004C000020EFF305807047000006488047C0
:10C1E00006480047FEE7FEE7FEE7FEE7FEE7FEE75C
:10C1F000FEE7FEE7FEE7FEE7D111010831C10008C6
:10C20000202A04DB203A21FA02F00021704721FAAB
:10C2100002F3D040C2F12002914008431946704712
:10C2200040EA01039B0703D009E008C9121F08C0B8
:10C23000042AFAD203E011F8013B00F8013B521E38
:10C24000F9D27047D2B201E000F8012B491EFBD2AF
:10C2500070470022F6E710B513460A460446194611
:10C26000FFF7F0FF204610BD30B505462A460B46C5
:10C2700012F8010B13F8014B08B1A042F8D01CB121
:10C28000002802D06D1CF1E7284630BD421C10F892
:10C29000011B0029FBD1801A704710B5002200E075
:10C2A000521C835C8C5CA34201D1002BF8D1D8B224
:10C2B000E1B2401A10BD2DE9FE4F804681EA03002D
:10C2C000C00F0C46009021F0004123F00045B8EB70
:10C2D0000200A94105D24046214690461C460B4625
:10C2E000024623F00040104347D0270DC7F30A0051
:10C2F000C3F30A510290401A019040286BDAC3F34D
:10C30000130040F4801B0098924620B10023D2EB2A
:10C31000030A63EB0B0B01985946C0F140025046EB
:10C3200000F0B1F906460D4650465946019A00F014
:10C33000B9F910EB08006141002487EA115284EA40
:10C34000E7731A4340D0009A62B3019A012A4FEA78
:10C35000075215DC001B61EB02014FF0004202EABC
:10C360000752CDE90042001C41F5801132462B46B0
:10C3700000F0B9F903B0BDE8F08F40462146F9E777
:10C38000001B61EB0201001C41F5801300185B41AA
:10C390002018A2F5001747EB030140EAD570B61943
:10C3A0006D4111E06D084FEA360645EAC0754FEA67
:10C3B0000752001B61EB0201001C41F58011490886
:10C3C0004FEA30000019514132462B4603B0BDE818
:10C3D000F04F00F079B90098012240000023D0EB23
:10C3E000020263EBE073009821464FEAE074B8EB79
:10C3F000000061EB0401E9E783F000435BE781F0B3
:10C40000004158E72DE9FE4F81EA030404F000449F
:10C4100021F0004100944FF0000B23F0004350EA5C
:10C4200001045ED052EA03045BD0C3F30A54C1F3A3
:10C430000A552C44A4F2F3340194A0FB0254C1F336
:10C44000130141F48011C3F3130343F4801301FB80
:10C45000024400FB034E840A970A44EA815447EAE7
:10C460008357A4FB076802958D0A05FB07854FEAF1
:10C47000932C04FB0C542705029D4FEA065847EA0B
:10C480001637B5EB08056EEB070C870E920E47EAE0
:10C49000811742EA8312A7FB0201B6EB0B0164EBA2
:10C4A00000042B0D43EA0C335E1844EB1C50DA46B3
:10C4B0005146E7FB0201C5F313044FEA0B3343EA8D
:10C4C00014534FEA0432019C43EA0603A4F10C041E
:10C4D0000294009CCDE900B400F005F903B0BDE87A
:10C4E000F08F00200146F9E72DE9F04D81EA0304C1
:10C4F00004F0004B21F0004514464FF0000A23F0F1
:10C50000004150EA050220D054EA01021DD0C5F3D3
:10C510000A570246C5F31303C1F31300C1F30A56C9
:10C5200040F4801543F48013A7EB0608101BD64691
:10C5300008F2FD3873EB050002D308F1010801E0B1
:10C5400092185B41B8F1000F03DA00200146BDE804
:10C55000F08D00204FF48011064684460EE0171B34
:10C5600073EB050705D3121B63EB050306434CEA87
:10C57000010C49084FEA300092185B4150EA01076C
:10C58000EDD152EA030012D082EA040083EA0501E9
:10C59000084305D0101BAB4106D20122002306E060
:10C5A00000224FF0004302E06FF0010253101AEB3B
:10C5B00006004CEB085110EB0A0041EB0B01BDE803
:10C5C000F04D00F081B8000030B5041E71F1000498
:10C5D00004DB4FF00044404264EB0101141E73F190
:10C5E000000405DB1C464FF00043524263EB04039A
:10C5F000994208BF904230BD30B50B46014600203D
:10C600002022012409E021FA02F59D4205D303FA14
:10C6100002F5491B04FA02F52844151EA2F1010295
:10C62000F1DC30BD2DE9F05F0546002092469B46C7
:10C6300088460646814640241BE028464146474638
:10C640002246FFF7DDFD53465A46C01A914110D3EA
:10C6500011461846224600F016F82D1A67EB01081D
:10C660004F4622460120002100F00DF817EB00098B
:10C670004E41201EA4F10104DFDC484631462A4623
:10C680004346BDE8F09F202A04DB203A00FA02F17D
:10C69000002070479140C2F1200320FA03F31943B0
:10C6A00090407047202A06DBCB17203A41FA02F06F
:10C6B00043EAE07306E041FA02F3D040C2F12002FF
:10C6C000914008431946704710B5141E73F10004D9
:10C6D00008DA401C41F1000192185B411A4301D174
:10C6E00020F0010010BD2DE9F04D92469B4611B19E
:10C6F000B1FA81F202E0B0FA80F220329046FFF700
:10C70000C2FF04460F4640EA0A0041EA0B015346C5
:10C710005A46084313D0114653EA010019D0C8F114
:10C7200040025046FFF76CFD05460E4650465946FE
:10C730004246FFF7A8FF084305D0012004E0204649
:10C740003946BDE8F08D0020054346EAE0762C43EB
:10C7500037430A986305E40AA0EB08000022FD0AAB
:10C7600044EA47540A3002D500200146E9E70105B2
:10C7700010196941DDE9084500196941BDE8F04D2E
:10C78000A2E7C1F30A52C1F3130140F2FF3341F4AF
:10C7900080119A4202DA00200146704740F233438A
:10C7A0009A42A2F2334202DC5242FFF729BDFFF760
:10C7B0006ABF0000064C074D06E0E06840F0010348
:10C7C00094E8070098471034AC42F6D3FFF7B4FC66
:10C7D000B45C0108D45C010810B5012007F02EFDFF
:10C7E00009490860094806F03DF9084806F04AF989
:10C7F000074806F037F9064806F044F9054A802153
:10C80000054805F037FD10BDD4000020CC00002005
:10C81000D00000209C3500208C35002010B505F09C
:10C8200003FD01200149087010BD0000E400002054
:10C8300010B51248007806281CD2DFE800F0030487
:10C84000070A0D1017E005F02BFE14E005F0D6FDE9
:10C8500011E005F04FFD0EE005F034FD0BE001F0B6
:10C8600079FB07490968401AB0F57A7F01D301F0D6
:10C8700057FE00E000BF00BF10BD0000E400002034
:10C880000801002000BFFEE710B5024800F0D9FA09
:10C8900010BD00001001002000B58BB000200590F5
:10C8A00006900790012008904CF6C04001900020AF
:10C8B00002904FF6E0700390002004900120099050
:10C8C00001A90B4800F03EF9022006904AF6A0208C
:10C8D0000190002002904FF6E07003900020049039
:10C8E0000120099001A9024800F02CF90BB000BD0D
:10C8F0001001002070B588B005460E460021114891
:10C9000000F0A6F93070002416E004EB440005EBBB
:10C910008000831C01AA00210A4800F0ADF904EB55
:10C920004401019825F8210004EB440105EB810145
:10C9300005988872601CC4B23078A042E5DC08B06B
:10C9400070BD00001001002070B588B004460D468F
:10C95000164600BF0C4800F059FA0028FAD002949D
:10C96000002004900590069601AB2A4602A90648CD
:10C9700000F043F800BF044800688068C0F340003E
:10C980000028F8D008B070BD1001002010B5024892
:10C9900000F0BCFE10BD0000EC04002030B590F8A3
:10C9A00040500124AC40C56B6C600468636044680F
:10C9B000102C04D10468A2600468E16003E00468FC
:10C9C000A1600468E26030BD704772B600BFFEE748
:10C9D00010B5024692F82030012B01D0022B06D16F
:10C9E00010684069084314686061002010BD506AF7
:10C9F00040F4802050620120F8E7F0B504460D466F
:10CA00001E4694F8207020688368A86800B900E08A
:10CA100000BF012F01D0022F7DD103F0806030B91B
:10CA200003F0006018B903F0805000287ED0C3F3F3
:10CA30000161012088403060A86860B9B5F800C085
:10CA4000E86840EA4C5C206800F5C07000EB01101B
:10CA5000C0F800C00FE0D5E901C040EACC00D5F82D
:10CA60000CC040EA0C00D4F800C00CF5C07C0CEB04
:10CA7000011CCCF80000D5F810C0206800F5C0708B
:10CA800000EB0110C0F804C0287D01280ED12068F9
:10CA900000F5C07000EB0110406840F4807C206815
:10CAA00000F5C07000EB0110C0F804C0D07900069A
:10CAB00092F806C040EA0C4092F805C040EA0C200B
:10CAC00092F804C040EA0C00D4F800C00CF5C07C19
:10CAD0000CEB011CCCF80C00D078000692F802C0D8
:10CAE00040EA0C4092F801C040EA0C2092F800C0E5
:10CAF00040EA0C00D4F800C00CF5C07C0CEB011C23
:10CB0000CCF80800206800F5C07000EB0110006848
:10CB100040F0010C01E00FE008E0206800F5C07073
:10CB200000EB0110C0F800C00020F0BD606A40F4C6
:10CB3000001060620120F8E7606A40F480206062C3
:10CB40000120F2E7F0B504460A46216894F8205027
:10CB5000012D01D0022D74D1D1F8000240F0010066
:10CB6000C1F80002107D00F01F06012000FA06F354
:10CB7000D1F81C029843C1F81C02D069C8B9D1F899
:10CB80000C029843C1F80C02908880B2968940EA62
:10CB9000064601F51070576940F83760108880B27A
:10CBA000168940EA064601F51070576900EBC70088
:10CBB0004660D069012819D1D1F80C021843C1F898
:10CBC0000C02908880B2168840EA064601F5107083
:10CBD000576940F83760908980B2168940EA064666
:10CBE00001F51070576900EBC7004660906928B9DD
:10CBF000D1F804029843C1F8040204E0D1F8040219
:10CC00001843C1F80402106928B9D1F814029843F6
:10CC1000C1F8140204E0D1F814021843C1F8140258
:10CC2000106A012804D1D1F81C021843C1F81C0273
:10CC3000D1F8000220F00100C1F800020020F0BD90
:10CC4000FFE7606A40F4802060620120F7E77047E8
:10CC500010B50246002092F82030012B01D0022BA3
:10CC600009D121B91468E46804F0030003E01468F2
:10CC7000246904F0030010BD70B5044694F82050F8
:10CC8000012D01D0022D7DD151B92068C06800F07E
:10CC9000030080B9606A40F400106062012070BD3A
:10CCA0002068006900F0030028B9606A40F40010B1
:10CCB00060620120F3E7206800F5D87000EB0110F6
:10CCC000006800F004009060906840B9206800F5AA
:10CCD000D87000EB01100068400D106007E020687C
:10CCE00000F5D87000EB01100068C00850602068A3
:10CCF00000F5D87000EB0110006800F00200D06071
:10CD0000206800F5D87000EB0110406800F00F00BB
:10CD1000082802D30820106108E0206800F5D870C8
:10CD200000EB0110406800F00F001061206800F572
:10CD3000D87000EB0110406800F47F40000A906159
:10CD4000206800F5D87000EB01104068000C5061BD
:10CD5000206800F5D87000EB01108068187020681A
:10CD600000F5D87000EB0110806800F47F40000AE5
:10CD70005870206800F5D87000EB0110806800F44E
:10CD80007F0000E03CE0000C9870206800F5D8704F
:10CD900000EB01108068000ED870206800F5D87094
:10CDA00000EB0110C0681871206800F5D87000EB26
:10CDB0000110C06800F47F40000A5871206800F537
:10CDC000D87000EB0110C06800F47F00000C98716F
:10CDD000206800F5D87000EB0110C068000ED87113
:10CDE00031B92068C06840F020002668F06005E096
:10CDF0002068006940F020002668306100204EE77E
:10CE0000606A40F480206062012048E7014600200B
:10CE100091F82020012A01D0022A11D10B689B68C9
:10CE200003F0806303B1401C0B689B6803F0006350
:10CE300003B1401C0B689B6803F0805303B1401C96
:10CE400070472DE9F05F0446002520684669206898
:10CE5000D0F80490206887682068D0F80CA020687B
:10CE6000D0F810B02068D0F8188006F00100002833
:10CE700055D007F00100C0B101202168886007F09B
:10CE8000020018B1204600F0FEFA0EE007F00400A0
:10CE900010B145F4006508E007F0080010B145F452
:10CEA000805502E0204600F0EDFA07F48070C8B12A
:10CEB0004FF480702168886007F4007018B1204634
:10CEC00000F0E3FA0EE007F4806010B145F400557D
:10CED00008E007F4006010B145F4804502E0204608
:10CEE00000F0D2FA07F48030C8B14FF480302168E6
:10CEF000886007F4003018B1204600F0C8FA0EE050
:10CF000007F4802010B145F4004508E007F4002044
:10CF100010B145F4803502E0204600F0B7FA06F083
:10CF2000080038B10AF0100020B145F40075102057
:10CF30002168C86006F0040040B10AF0080028B17A
:10CF400008202168C860204600F0B0F906F0020011
:10CF500038B12068C06800F0030010B1204600F02E
:10CF6000A7F906F0400038B10BF0100020B145F4ED
:10CF7000806510202168086106F0200040B10BF0A8
:10CF8000080028B1082021680861204600F0DCF97B
:10CF900006F0100038B12068006900F0030010B1FD
:10CFA000204600F0D3F906F4003040B109F010003B
:10CFB00028B1102021684860204600F033FA06F4BA
:10CFC000803040B109F0080028B10820216848608D
:10CFD000204600F05DFA06F4004088B309F0040032
:10CFE00078B306F4807020B108F0010008B145F074
:10CFF000010506F4007020B108F0020008B145F008
:10D00000020506F4806020B108F0040008B145F084
:10D01000040506F40060A0B108F0700088B108F0C3
:10D020007000402817D006DC10280BD020280CD028
:10D03000302819D10CE0502810D0602814D110E00D
:10D040001DE019E045F008050FE045F010050CE083
:10D0500045F0200509E045F0400506E045F0800573
:10D0600003E045F4807500E000BF00BF20688069E0
:10D0700020F07000216888610420216848602DB18B
:10D08000606A284360622046FFF7E1FDBDE8F09F3B
:10D0900070B504460CB9012070BD94F8200010B999
:10D0A000204600F0AFF82068006840F001002168D9
:10D0B000086000F04FFF05460DE000F04BFF401BFD
:10D0C0000A2808D9606A40F400306062052084F8BC
:10D0D00020000120E0E72068406800F001000028FF
:10D0E000EBD02068006820F002002168086000F0A2
:10D0F00031FF05460DE000F02DFF401B0A2808D93E
:10D10000606A40F400306062052084F8200001204D
:10D11000C2E72068406800F002000028EBD1207EC2
:10D12000012806D12068006840F08000216808606E
:10D1300005E02068006820F0800021680860607EBB
:10D14000012806D12068006840F04000216808608E
:10D1500005E02068006820F0400021680860A07E9B
:10D16000012806D12068006840F02000216808608E
:10D1700005E02068006820F0200021680860E07E5B
:10D18000012806D12068006820F01000216808609E
:10D1900005E02068006840F0100021680860207FEA
:10D1A000012806D12068006840F008002168086066
:10D1B00005E02068006820F0080021680860607FB2
:10D1C000012806D12068006840F00400216808604A
:10D1D00005E02068006820F0040021680860D4E9B8
:10D1E0000201084321690843616908436168491ED7
:10D1F00008432168C86100206062012084F8200093
:10D20000002049E710B586B0044600200290039044
:10D21000049005902249206888423ED100BF2148F1
:10D22000C06940F000701F49C8610846C06900F03D
:10D230000070019000BF00BF00BF0846806940F049
:10D24000040088610846806900F00400019000BF76
:10D2500000BFC814029000200390049002A9124855
:10D2600000F0C8FC4FF4805002900220039003208D
:10D27000059002A90C4800F0BDFC002206211420F4
:10D2800001F0FCF8142001F0E9F800220621152035
:10D2900001F0F4F8152001F0E1F806B010BD00002F
:10D2A0000064004000100240000801407047000088
:10D2B00030B591B005460020049004A905A8FFF7F9
:10D2C00019FB002434E004EB440005A931F82000E8
:10D2D000ADF8040004EB440001EB8000807A8DF887
:10D2E000060004EB440001EB800050F8021FCDF86B
:10D2F00007104068CDF80B000020009000236A461C
:10D3000001A90E48006807F067F900236A4601A9E1
:10D310000B48006807F060F9009838B14FF0805072
:10D3200008490860BFF34F8FBFF36F8F601CC4B212
:10D330009DF810008442C6DB11B030BD1C000020F7
:10D340002000002004ED00E07047000030B589B0F7
:10D3500004466B4602AA01212046FFF78DFC2648B1
:10D360000078022832D1002028E01DF80030234A3E
:10D3700011884A1C214D2A80214A126853542149A0
:10D380000968491C1F4A116029460988FF2913DDD5
:10D390001B4909681C4A1160194909681B4A9142D6
:10D3A00001D11B4900E01949154A11600021134AB7
:10D3B00011800121174A1170411CC8B2069981429F
:10D3C000D3D800F0C7FD1449086013E00A4800787C
:10D3D00003280FD1002005E01DF800100F4A11545A
:10D3E000411CC8B20699814201D90428F4DB01200E
:10D3F0000B49087009B030BDE4000020F0000020A7
:10D40000E8000020F4000020EC0000209C36002002
:10D410009C37002000010020FC00002002010020B9
:10D4200001010020704770B5044694F820000128DF
:10D4300022D1022084F820002068006820F001003A
:10D440002168086000F086FD05460DE000F082FDD1
:10D45000401B0A2808D9606A40F400306062052049
:10D4600084F82000012070BD2068406800F00100B1
:10D470000028EBD16062F6E7606A40F40020606249
:10D480000120F0E77047704770477047704770475A
:10D49000704770B503460C46002002255D710021DF
:10D4A00004E054F821501E683560491C9142F8D3BD
:10D4B0001D68286801255D7170BD10B504460CB962
:10D4C000012010BD607920B900202071204600F0B5
:10D4D00005F8012060710020F3E7000008B5094A53
:10D4E000016891420DD100BF0749496941F04001EF
:10D4F000054A51611146496901F04001009100BFA0
:10D5000000BF08BD0030024000100240014600226A
:10D5100091F82100022808D00420886300BF002071
:10D5200081F8200000BF012070470868006820F0E3
:10D530000E000B6818600868006820F001000B6896
:10D54000186091F8403001209840CB6B5860012062
:10D5500081F8210000BF002081F8200000BF1046A4
:10D56000E2E7000070B50446002594F82100022887
:10D5700003D00420A0630125C1E02068006820F0EA
:10D580000E00216808602068006820F00100216812
:10D5900008605C492068884252D95A497839206825
:10D5A000884201D1012047E0564964392068884209
:10D5B00001D1102040E0534950392068884201D100
:10D5C000801539E04F493C392068884201D18014E8
:10D5D00032E04C4928392068884202D14FF480302B
:10D5E0002AE0484914392068884202D14FF480105B
:10D5F00022E044492068884201D140041CE04249AD
:10D600002068884201D1012016E03F49143120688A
:10D61000884201D110200FE03B4928312068884220
:10D6200001D1801508E038493C312068884201D199
:10D63000801401E04FF480303349091F086051E045
:10D64000304978392068884201D1012047E02D49CE
:10D6500064392068884201D1102040E029495039BE
:10D660002068884201D1801539E026493C3920687C
:10D67000884201D1801432E022492839206888424A
:10D6800002D14FF480302AE01E49143920688842C4
:10D6900002D14FF4801022E01A492068884201D15B
:10D6A00040041CE018492068884201D1012016E09E
:10D6B000154914312068884201D110200FE0124929
:10D6C00028312068884201D1801508E00E493C319C
:10D6D0002068884201D1801401E04FF4803009496C
:10D6E00080394860012084F8210000BF002084F8C0
:10D6F000200000BF606B10B12046616B8847284650
:10D7000070BD0000800002400804024070B504466D
:10D71000E06B05682068066894F840100420884093
:10D720002840002875D006F004000028FAD02068B0
:10D73000006800F0200028B92068006820F004008C
:10D7400021680860D5492068884254D9D34978397E
:10D750002068884201D1042049E0D049643920681A
:10D76000884201D1402042E0CC49503920688842AB
:10D7700001D100153BE0C9493C392068884202D1FB
:10D780004FF4804033E0C54928392068884202D1EF
:10D790004FF480202BE0C14914392068884202D11F
:10D7A0004FF4800023E0BD492068884201D1C004C5
:10D7B0001DE0BB492068884201D1042017E0B84928
:10D7C00014312068884201D1402010E0B44928314A
:10D7D0002068884201D1001509E0B1493C31206838
:10D7E000884202D14FF4804001E04FF48020AC49E0
:10D7F000091F086054E0A94978392068884201D19E
:10D8000004204AE0A54964392068884202D14020BA
:10D8100043E04CE0A14950392068884201D100150D
:10D820003BE09E493C392068884202D14FF4804059
:10D8300033E09A4928392068884202D14FF4802089
:10D840002BE0964914392068884202D14FF48000B9
:10D8500023E092492068884201D1C0041DE090492C
:10D860002068884201D1042017E08D4914312068D6
:10D87000884201D1402010E089492831206888423F
:10D8800001D1001509E086493C312068884202D167
:10D890004FF4804001E04FF4802080498039486097
:10D8A000E06A002802D02046E16A8847F4E094F854
:10D8B0004010022088402840002871D006F0020065
:10D8C0000028FAD02068006800F0200040B92068E5
:10D8D000006820F00A0021680860012084F8210017
:10D8E0006E492068884254D96C497839206888424A
:10D8F00001D1022049E0694964392068884201D198
:10D90000202042E0654950392068884201D1401505
:10D910003BE062493C392068884202D14FF4005014
:10D9200033E05E4928392068884202D14FF4003044
:10D930002BE05A4914392068884202D14FF4001074
:10D9400023E056492068884201D180041DE05449F3
:10D950002068884201D1022017E051491431206823
:10D96000884201D1202010E04D49283120688842AA
:10D9700001D1401509E04A493C312068884202D172
:10D980004FF4005001E04FF400304549091F086092
:10D9900054E0424978392068884202D102204AE0A6
:10D9A00057E03E4964392068884201D1202042E096
:10D9B0003A4950392068884201D140153BE0374947
:10D9C0003C392068884202D14FF4005033E033499B
:10D9D00028392068884202D14FF400302BE02F49CB
:10D9E00014392068884202D14FF4001023E02B49FB
:10D9F0002068884201D180041DE0294920688842BE
:10DA000001D1022017E0264914312068884201D153
:10DA1000202010E0224928312068884201D1401599
:10DA200009E01F493C312068884202D14FF4005080
:10DA300001E04FF4003019498039486000BF0020F0
:10DA400084F8200000BFA06A30B32046A16A88474E
:10DA500022E094F84010082088402840E0B106F009
:10DA60000800C8B12068006820F00E002168086036
:10DA700094F8401001208840E16B48600120A063C9
:10DA800084F8210000BF002084F8200000BF206B34
:10DA900010B12046216B884770BD00008000024015
:10DAA000080402400146002209B9012070471E4BBC
:10DAB000086898420BD21D4B0868C01A1423B0FBAB
:10DAC000F3F08000086419480838C8630AE0164B70
:10DAD0000868C01A1423B0FBF3F0800008641248F1
:10DAE0000838C863022081F821000868026843F6FC
:10DAF000F0708243D1E901031843CB6818430B69E6
:10DB000018434B6918438B691843CB691843024388
:10DB10000868026000208863012081F8210000204D
:10DB200081F8200000BFC1E708040240080002405D
:10DB30002DE9F04104460D4616461F464FF00008F9
:10DB400000BF94F82000012802D10220BDE8F08136
:10DB5000012084F8200000BF94F8210001282CD176
:10DB6000022084F821000020A0632068006820F0D3
:10DB70000100216808603B46324629462046FEF7F0
:10DB80000DFFE06A30B12068006840F00E002168A7
:10DB900008600BE02068006820F00400216808603D
:10DBA0002068006840F00A0021680860206800686A
:10DBB00040F001002168086006E000BF002084F802
:10DBC000200000BF4FF002084046BFE770B5044692
:10DBD00000F0C0F906462546681C10B104480078DC
:10DBE000054400BF00F0B6F9801BA842FAD370BD0F
:10DBF000440000202DE9F847024600239C467BE1C3
:10DC00004FF0010808FA03F4D1F8008008EA040094
:10DC1000A0427DD1DFF8F4A2D1F80480A8EB0A0974
:10DC2000D0453AD014DCB8F1030F50D009DCB8F17C
:10DC3000000F31D0B8F1010F1CD0B8F1020F49D15B
:10DC400020E0B8F1110F18D0B8F1120F42D11EE048
:10DC5000B9F5881F25D006DCB9F5803F20D0B9F58D
:10DC6000801F37D11AE0B9F5001F18D0B9F5041F8D
:10DC700030D117E0D1F80CC02DE0D1F80C8008F1BC
:10DC8000040C28E0D1F80C8008F1080C23E0D1F84E
:10DC90000C8008F10C0C1EE000BF00BF00BF00BFED
:10DCA00000BF00BFD1F80880B8F1000F02D14FF0DB
:10DCB000040C0BE0D1F80880B8F1010F03D14FF04C
:10DCC000080C146102E04FF0080C546103E04FF0BF
:10DCD000000C00E000BF00BFFF2801D8904601E023
:10DCE00002F104084646FF2802D84FEA830803E001
:10DCF000A3F108084FEA88084746D6F800804FF09D
:10DD00000F0909FA07F928EA09080CFA07F900E0EF
:10DD10007AE048EA0908C6F80080D1F8048008F0E3
:10DD20008058B8F1805F6FD100BFDFF8E481D8F888
:10DD3000188048F00108DFF8D891C9F81880C84663
:10DD4000D8F8188008F00108CDF8008000BF00BFA7
:10DD50004FEAB9384FEA930958F829504FEA8378C7
:10DD60004FEA18794FF00F0808FA09F825EA080574
:10DD7000DFF8A081424502D14FF0000824E0DFF82F
:10DD80009881424502D14FF001081DE0DFF88C81F7
:10DD9000424502D14FF0020816E0DFF88481424587
:10DDA00002D14FF003080FE0DFF87881424502D13D
:10DDB0004FF0040808E0DFF87081424502D14FF0CF
:10DDC000050801E04FF006084FEA83794FEA197918
:10DDD00008FA09F848EA0505DFF850814FEA930987
:10DDE00048F82950D1F8048008F48018B8F5801F4D
:10DDF0000BD1DFF83C81D8F8008048EA0008DFF852
:10DE00003091C9F800800AE075E0DFF82481D8F885
:10DE1000008028EA0008DFF81891C9F80080D1F8DE
:10DE2000048008F40018B8F5001F0ED1DFF8008157
:10DE300008F10408D8F8008048EA0008DFF8F090FC
:10DE400009F10409C9F800800DE0DFF8E48008F169
:10DE50000408D8F8008028EA0008DFF8D49009F117
:10DE60000409C9F80080D1F8048008F40038B8F536
:10DE7000003F0ED1DFF8B880A8F10408D8F8008080
:10DE800048EA0008DFF8A890A9F10409C9F8008061
:10DE90000DE0DFF89C80A8F10408D8F8008028EA9B
:10DEA0000008DFF88C90A9F10409C9F80080D1F8C6
:10DEB000048008F48038B8F5803F0ED1DFF8708018
:10DEC000A8F10808D8F8008048EA0008DFF8609058
:10DED000A9F10809C9F800800DE0DFF85480A8F125
:10DEE0000808D8F8008028EA0008DFF84490A9F173
:10DEF0000809C9F800805B1CD1F8008028FA03F8F3
:10DF0000B8F1000F7FF47CAEBDE8F8870000111077
:10DF10000010024000080140000C014000100140C8
:10DF20000014014000180140001C0140080001409D
:10DF30000804014010B5C26821EA020302EA0104A4
:10DF400043EA0443036110BD0AB1016101E00B041F
:10DF50000361704701480068704700003C000020E2
:10DF600070B504460CB9012070BD94F83D0028B985
:10DF7000002084F83C00204600F08CF9242084F82E
:10DF80003D002068006820F00100216808602068DA
:10DF9000006840F40040216808602068006820F4B0
:10DFA00000402168086000F0CBFB05465C496068D2
:10DFB000884206D85B48854201D2012007E0002054
:10DFC00005E05948854201D2012000E000200128E7
:10DFD00000D1C9E75548B5FBF0F62068406820F04D
:10DFE0003F003043216848604D496068884201D84D
:10DFF000701C07E04FF4967070434FF47A71B0FBD9
:10E00000F1F0401C2168096A21F03F0108432168B2
:10E01000086243496068884214D8681E61684900F4
:10E02000B0FBF1F0401CC0F30B00042801D2042027
:10E030003DE0681E61684900B0FBF1F0401CC0F390
:10E040000B0034E0A06838B9681E616801EB41013B
:10E05000B0FBF1F0401C0AE0681E616801EBC102F0
:10E0600002EB0111B0FBF1F0401C40F48040C0F322
:10E070000B0008B901201AE0A06848B9681E616861
:10E0800001EB4101B0FBF1F0401CC0F30B000CE0D0
:10E09000681E616801EBC10202EB0111B0FBF1F0F7
:10E0A000401CC0F30B0040F4804040F40040216865
:10E0B000C9694CF6FF72914308432168C861D4E9ED
:10E0C000070108432168096821F0C001084321685D
:10E0D0000860D4E9031008432168896848F2FF32D8
:10E0E0009143084321688860D4E905010843216809
:10E0F000C96821F0FF0108432168C86020680068F2
:10E1000040F001002168086000202064202084F88D
:10E110003D000020206384F83E0000BF24E700009B
:10E12000A086010080841E0000093D0040420F00CF
:10E130002DE9FC5F04460F4690469946DDE90CAB9D
:10E140000E9EFFF707FF054694F83D0020287DD17D
:10E15000192301224D492046009501F03CFF10B1E2
:10E160000220BDE8FC9F00BF94F83C00012801D1CB
:10E170000220F6E7012084F83C0000BF2068006818
:10E1800000F0010028B92068006840F00100216813
:10E1900008602068006820F4006021680860212081
:10E1A00084F83D00402084F83E0000202064C4F83C
:10E1B00024A0A4F82AB0608D20853548E0624B4643
:10E1C000424639462046CDE9006501F061FE08B1BE
:10E1D0000120C6E731E02A463146204601F0D7FF4C
:10E1E00050B1206C042805D12068006840F400700C
:10E1F000216808600120B4E7606A0078216808613E
:10E20000606A401C6062208D401E2085608D401E2B
:10E21000608520684069C0F3800070B1208D60B1D6
:10E22000606A007821680861606A401C6062208D25
:10E23000401E2085608D401E6085208D0028CAD13B
:10E240002A463146204601F093FE00E01CE050B122
:10E25000206C042805D12068006840F40070216813
:10E26000086001207DE72068006840F400702168A4
:10E270000860202084F83D00002084F83E0000BFA4
:10E2800084F83C0000BF6CE702206AE7020010003F
:10E290000000FFFF10B586B00446002002900390F6
:10E2A0000490059015492068884225D100BF144884
:10E2B000806940F00800124988610846806900F0D2
:10E2C0000800019000BF00BFC02002901220039000
:10E2D0000320059002A90B48FFF78CFC00BF0848FB
:10E2E000C06940F400100649C8610846C06900F4DE
:10E2F0000010019000BF00BF06B010BD00540040E8
:10E3000000100240000C01400348006803490978EE
:10E3100008440149086070473C0000204400002088
:10E3200010B50848006840F0100006490860032056
:10E3300000F0E2F80F2000F007F800F05FF800208E
:10E3400010BD0000002002402DE9F04188B00446D5
:10E350000027B846002600BF2348C06940F00400EB
:10E360002149C8610846C06900F00400019000BF5F
:10E3700000BF02A903A800F0BBF9069F1FB900F077
:10E38000DFF9054602E000F0DBF945001748B5FB70
:10E39000F0F0A0F1010816481649086040F2E73194
:10E3A0001448C160C0F8048000210161816081616E
:10E3B00000F0BAFF064696B90E4800F0E9FF06469F
:10E3C0006EB91E2000F04AF8102C07D20022214618
:10E3D0001E2000F053F80848046000E00126304693
:10E3E00008B0BDE8F08100000010024040420F007C
:10E3F00000080040300500204000002008B500BFA4
:10E400001448806940F0010012498861084680691B
:10E4100000F00100009000BF00BF00BF0846C069C7
:10E4200040F08050C8610846C06900F080500090FC
:10E4300000BF00BF00220F21901E00F01FF800BF98
:10E440000549486820F0E06040F00070486000BF77
:10E4500008BD0000001002400000014001460846CF
:10E46000002809DB00F01F0301229A4043099B00AA
:10E4700003F1E023C3F8002100BF70472DE9F05FEE
:10E4800080460D461646002703F034FA0746394603
:10E490002A46334601F00700C0F1070ABAF1040F1B
:10E4A00002D94FF0040A01E0C0F1070AD14600F199
:10E4B000040ABAF1070F02D24FF0000A01E0A0F1FE
:10E4C000030AD4464FF0010A0AFA09FAAAF1010A2E
:10E4D0000AEA020A0AFA0CFA4FF0010B0BFA0CFBDB
:10E4E000ABF1010B0BEA030B4AEA0B042146404651
:10E4F00003F008FABDE8F09F00BF00F00702064BEA
:10E5000019684FF6FF031940044B0B4343EA0221FD
:10E51000014B196000BF70470CED00E00000FA05E8
:10E5200000BF00BF00BF00BF00BFBFF34F8F00BFE1
:10E5300000BF00BF0948006800F4E06008490843D4
:10E54000001D0649086000BF00BF00BFBFF34F8F2A
:10E5500000BF00BF00BF00BF00BFFDE70CED00E043
:10E560000000FA0570B504460D460CB9012070BDD7
:10E570005A48006800F00700A8420ED257480068C9
:10E5800020F007002843554908600846006800F05D
:10E590000700A84201D00120E9E7207800F002003E
:10E5A00002281DD1207800F00400042805D14C4831
:10E5B000406840F4E0604A494860207800F0080074
:10E5C000082805D14648406840F4605044494860F6
:10E5D0004348406820F0F000A16808434049486083
:10E5E000207800F0010078B36068012806D13C482B
:10E5F000006800F4003090B90120B8E76068022894
:10E6000006D13748006800F0007040B90120AEE73D
:10E610003348006800F0020008B90120A7E730483D
:10E62000406820F00300616808432D494860FFF707
:10E6300091FC064609E0FFF78DFC801B41F2883112
:10E64000884202D9032092E707E02548406800F09D
:10E650000C006168B0EB810FEDD12048006800F03C
:10E660000700A8420ED91D48006820F00700284383
:10E670001A4908600846006800F00700A84201D067
:10E68000012074E7207800F00400042807D1144822
:10E69000406820F4E060E168084311494860207850
:10E6A00000F00800082808D10D48406820F46050A8
:10E6B000216940EAC1000A49486000F061F8084950
:10E6C0004968C1F30311074A515CC8400649086014
:10E6D00006480068FFF738FE002048E700200240A7
:10E6E000001002401852010848000020400000209D
:10E6F0000F2202600D4A526802F0030242600B4A88
:10E70000526802F0F0028260084A526802F4E06245
:10E71000C260064A526802F46052D2080261044A9A
:10E72000126802F007020A60704700000010024001
:10E7300000200240014800687047000048000020A7
:10E7400000B5FFF7F7FF04494968C1F30221034A06
:10E75000515CC84000BD0000001002402852010872
:10E7600000B5FFF7E7FF04494968C1F3C221034A36
:10E77000515CC84000BD0000001002402852010852
:10E7800070B500210022002400230020134D696889
:10E7900001F00C05F5B1042D02D0082D19D101E0CE
:10E7A0000F4819E00F4DC1F38346AB5D01F480358E
:10E7B00055B10A4D6D68C5F340450B4E725D084D6D
:10E7C0005D43B5FBF2F402E0084D03FB05F420467F
:10E7D00002E000BF024800BF00BF70BD0010024051
:10E7E00000127A00065201081652010800093D0085
:10E7F000F8B504460CB90120F8BD207800F00100FE
:10E80000002878D0F848406800F00C0004280CD0AC
:10E81000F548406800F00C00082811D1F248406823
:10E8200000F48030B0F5803F0AD1EF48006800F472
:10E83000003000285FD0606800285CD10120DBE751
:10E8400000BF6068B0F5803F06D1E748006840F43B
:10E850008030E549086028E0606858B9E2480068FF
:10E8600020F48030E04908600846006820F48020E9
:10E8700008601AE06068B0F5A02F0BD1DA48006894
:10E8800040F48020D84908600846006840F4803091
:10E8900008600AE0D448006820F48030D24908605B
:10E8A0000846006820F48020086000BF606888B1D6
:10E8B000FFF750FB054606E0FFF74CFB401B6428C2
:10E8C00001D9032098E7C848006800F40030002808
:10E8D000F2D010E0FFF73EFB054606E0FFF73AFBFB
:10E8E000401B642801D9032086E7BF48006800F474
:10E8F00000300028F2D1207800F00200022857D121
:10E90000B948406800F00C0050B1B748406800F0CA
:10E910000C00082818D1B448406800F4803098B939
:10E92000B148006800F0020020B12069012801D040
:10E93000012061E7AC48006820F0F800616940EA16
:10E94000C100A949086033E02069E8B10120A74966
:10E950000860FFF7FFFA054606E0FFF7FBFA401BE9
:10E96000022801D9032047E79F48006800F0020011
:10E970000028F2D09C48006820F0F800616940EA65
:10E98000C1009949086013E0002098490860FFF72A
:10E99000E1FA054606E0FFF7DDFA401B022801D93F
:10E9A000032029E79048006800F002000028F2D117
:10E9B000207800F0080008282DD1A069B8B1012006
:10E9C0008B490860FFF7C6FA054606E0FFF7C2FA72
:10E9D000401B022801D903200EE78348406A00F05B
:10E9E00002000028F2D0012002F02CFA13E00020EF
:10E9F0007F490860FFF7AEFA054606E0FFF7AAFA7E
:10EA0000401B022801D90320F6E67748406A00F04F
:10EA100002000028F2D1207800F00400042873D10D
:10EA200000277148C06900F0805070B900BF6E487F
:10EA3000C06940F080506C49C8610846C06900F068
:10EA40008050009000BF00BF01276A48006800F4B2
:10EA50008070B0B96748006840F48070654908600C
:10EA6000FFF778FA054606E0FFF774FA401B6428C2
:10EA700001D90320C0E65F48006800F480700028D8
:10EA8000F2D000BFE068012806D15748006A40F084
:10EA900001005549086227E0E06858B95248006A09
:10EAA00020F00100504908620846006A20F0040086
:10EAB000086219E0E06805280BD14B48006A40F075
:10EAC0000400494908620846006A40F001000862F3
:10EAD0000AE04548006A20F0010043490862084600
:10EAE000006A20F00400086200BFE068A0B1FFF7F0
:10EAF00031FA054609E0FFF72DFA401B41F2883153
:10EB0000884202D9032077E622E03748006A00F005
:10EB100002000028EFD012E0FFF71CFA054608E0DB
:10EB2000FFF718FA401B41F28831884201D90320CF
:10EB300062E62D48006A00F002000028F0D1012FA3
:10EB400005D12948C06920F080502749C86100BF1D
:10EB5000E069C8B32448406800F00C00082860D081
:10EB6000E069022848D1002020490866FFF7F2F941
:10EB7000054606E0FFF7EEF9401B022801D9032005
:10EB80003AE61948006800F000700028F2D1206AC7
:10EB9000B0F5803F07D11448406820F40030A168E8
:10EBA000084311494860D4E9080108430E494968FF
:10EBB00021F4741108430C49486001200B49086690
:10EBC000FFF7C8F9054607E03DE0FFF7C3F9401B32
:10EBD000022801D903200FE60348006800F0007006
:10EBE0000028F2D02FE00000001002400000424256
:10EBF0008004424200700040002014490866FFF77C
:10EC0000A9F9054606E0FFF7A5F9401B022801D93E
:10EC10000320F1E50E48006800F000700028F2D1F2
:10EC200011E0E069012800D1E6E50948466806F4EC
:10EC30008031206A814204D106F47011606A8142F9
:10EC400001D00120D8E50020D6E5000000004242B6
:10EC50000010024010B504460CB9012010BD606AD6
:10EC600038B96068B0F5827F00D105E00021E1612C
:10EC700002E00021216161610021A16294F851004C
:10EC800028B9002084F85000204600F043F8022004
:10EC900084F851002068006820F040002168086076
:10ECA000A08800F48270218901F404410843A189FD
:10ECB00001F400610843217C01F002010843217D39
:10ECC00001F001010843218B01F400710843217F09
:10ECD00001F0380108432021095D01F0800108435B
:10ECE000218D01F400510843216808600421A069C6
:10ECF00001EA1040216848602068C06920F4006083
:10ED00002168C86100206065012084F8510000205E
:10ED1000A4E7000010B586B00446002002900390DE
:10ED2000049005901A49206888422FD100BF1948E5
:10ED3000C06940F480401749C8610846C06900F4C2
:10ED40008040019000BF00BF00BF0846806940F0CE
:10ED5000080088610846806900F00800019000BF43
:10ED600000BF4FF420400290022003900320059042
:10ED700002A90948FEF73EFF4FF4804002900020B0
:10ED80000390049002A90448FEF734FF06B010BDBA
:10ED90000038004000100240000C01402DE9F8430B
:10EDA0000446884616461D4694F85100012802D0B4
:10EDB0000220BDE8F8836068B0F5827F0CD1A068BE
:10EDC00050B9042084F8510033464246414620465B
:10EDD000009500F083F9ECE7FFF7BCF80746B8F1BF
:10EDE000000F00D00EB90120E3E700BF94F85000F7
:10EDF000012801D10220DCE7012084F8500000BF87
:10EE0000042084F8510000206065C4F83880A6878B
:10EE1000E6872063A086E08620646064A068B0F581
:10EE2000004F0BD12068006820F040002168086086
:10EE30002068006820F4804021680860206800682D
:10EE400000F04000402805D02068006840F04000F5
:10EE500021680860E06830BB21E02068806800F02D
:10EE6000010050B12068007BA16B0870A06B401CB2
:10EE7000A063E08F401EE08711E0FFF76BF8C01B36
:10EE8000A84201D3681C00B94DB9012084F8510093
:10EE900000BF002084F8500000BF032089E7E08F06
:10EEA0000028DAD125E021E02068806800F0010028
:10EEB00050B12068C068A16B0880A06B801CA06363
:10EEC000E08F401EE08711E0FFF744F8C01BA84226
:10EED00001D3681C00B94DB9012084F8510000BF6E
:10EEE000002084F8500000BF032062E7E08F002874
:10EEF000DAD13A462946204601F0B8FF08B1202071
:10EF00006065012084F8510000BF002084F85000A3
:10EF100000BF606D08B101204BE7002049E72DE9F3
:10EF2000F84304460F4616461D46FFF713F8804681
:10EF3000B14694F85100012802D00220BDE8F883C0
:10EF400007B10EB90120F9E700BF94F8500001287D
:10EF500001D10220F2E7012084F8500000BF032015
:10EF600084F85100002060652763A686E686A063CA
:10EF7000A087E08760642064A068B0F5004F0BD1E3
:10EF80002068006820F04000216808602068006860
:10EF900040F48040216808602068006800F040006C
:10EFA000402805D02068006840F0400021680860D3
:10EFB000E068B0F5006F37D1606810B1B9F1010FAA
:10EFC00009D1206B00882168C860206B801C2063F9
:10EFD000E08E401EE08623E02068806800F002009A
:10EFE00002280AD1206B00882168C860206B801C31
:10EFF0002063E08E401EE08612E0FEF7ABFFA0EB40
:10F000000800A84201D3681C00B94DB9012084F85A
:10F01000510000BF002084F8500000BF03208DE79E
:10F02000E08E0028D8D136E0606810B1B9F1010F48
:10F0300009D1206B007821680873206B401C206385
:10F04000E08E401EE08623E02068806800F0020029
:10F0500002280AD1206B007821680873206B401CBD
:10F060002063E08E401EE08612E0FEF773FFA0EB07
:10F070000800A84201D3681C00B94DB9012084F8EA
:10F08000510000BF002084F8500000BF032055E766
:10F09000E08E0028D8D142462946204601F022FFC2
:10F0A00008B120206065A06850B900BF0020009022
:10F0B0002068C068009020688068009000BF00BF92
:10F0C000012084F8510000BF002084F8500000BFE8
:10F0D000606D08B1012031E700202FE72DE9FE4FD8
:10F0E00004460F4690461D460C9E01200190FEF7F7
:10F0F00031FF814694F851B060680290AA46BBF196
:10F10000010F0BD00298B0F5827F04D1A06810B92E
:10F11000BBF1040F02D00220BDE8FE8F1FB1B8F191
:10F12000000F00D00DB90120F6E700BF94F85000A1
:10F13000012801D10220EFE7012084F8500000BF30
:10F1400094F85100042802D0052084F851000020D2
:10F150006065C4F83880E587A5872763E586A586BE
:10F16000206460642068006800F04000402805D0FA
:10F170002068006840F0400021680860E068B0F551
:10F18000006F52D1606810B1BAF1010F09D1206B44
:10F1900000882168C860206B801C2063E08E401EC0
:10F1A000E0863BE02068806800F00200022810D171
:10F1B000E08E70B1019801280BD1206B0088216886
:10F1C000C860206B801C2063E08E401EE08600201B
:10F1D00001902068806800F0010068B1E08F58B1AC
:10F1E0002068C068A16B0880A06B801CA063E08FC2
:10F1F000401EE08701200190FEF7ACFEA0EB090065
:10F20000B0420BD3701C48B1012084F8510000BFFC
:10F21000002084F8500000BF03207DE7E08E002826
:10F22000C0D1E08F0028BDD152E0606810B1BAF1C2
:10F23000010F09D1206B007821680873206B401CF6
:10F240002063E08E401EE0863CE02068806800F08D
:10F250000200022810D1E08E70B1019801280BD174
:10F26000206B007821680873206B401C2063E08EBF
:10F27000401EE086002001902068806800F00100B8
:10F2800068B1E08F58B12068C068A16B0870A06BAE
:10F29000401CA063E08F401EE08701200190FEF734
:10F2A00059FEA0EB0900B04201D3701C00B94EB961
:10F2B000012084F8510000BF002084F8500000BFF6
:10F2C000032029E7E08E0028BFD1E08F0028BCD1C1
:10F2D0004A463146204601F005FE40B120206065D7
:10F2E00000BF002084F8500000BF012014E7A06890
:10F2F00050B900BF002000902068C06800902068CE
:10F300008068009000BF00BF012084F8510000BF5A
:10F31000002084F8500000BF606D08B10120FBE6BA
:10F320000020F9E67047704710B504460CB901207B
:10F3300010BD94F83D0028B9002084F83C00204618
:10F3400000F025F8022084F83D00211D206801F01E
:10F3500049FF012084F8460000BF84F83E000121E7
:10F360003F200155402001554120015500BF00BFFD
:10F37000012084F8420043200155442001554520D6
:10F38000015500BF012084F83D000020D0E7704700
:10F39000014691F83D00012801D00120704702206C
:10F3A00081F83D000868C06840F001000B68D86033
:10F3B000164B0868984213D0154B086898420FD036
:10F3C0000868B0F1804F0BD0124B0868984207D004
:10F3D000114B0868984203D0104B086898420CD132
:10F3E0000868806800F00702062A0CD008680068E8
:10F3F00040F001000B68186005E00868006840F004
:10F4000001000B6818600020C8E70000002C0140D4
:10F41000003401400004004000080040000C00409F
:10F42000704770B504462068C5682068066906F014
:10F430000200022819D105F00200022815D1401F50
:10F4400021680861012020772068806900F00300AE
:10F4500018B12046FFF7E4FF05E0204600F097F8DA
:10F46000204600F095F80020207706F004000428DC
:10F4700019D105F00400042815D1C04321680861A2
:10F48000022020772068806900F4407018B120467F
:10F49000FFF7C6FF05E0204600F079F8204600F0AF
:10F4A00077F80020207706F00800082819D105F029
:10F4B0000800082815D1C04321680861042020777E
:10F4C0002068C06900F0030018B12046FFF7A8FFCC
:10F4D00005E0204600F05BF8204600F059F80020D7
:10F4E000207706F01000102819D105F01000102820
:10F4F00015D1C04321680861082020772068C069C1
:10F5000000F4407018B12046FFF78AFF05E020465E
:10F5100000F03DF8204600F03BF80020207706F090
:10F52000010048B105F0010030B16FF00100216821
:10F530000861204600F02EF806F08000802809D1EE
:10F5400005F08000802805D1C0432168086120466D
:10F55000FFF7E8FE06F04000402809D105F0400022
:10F56000402805D1C04321680861204600F01EF8FC
:10F5700006F02000202809D105F02000202805D120
:10F58000C043216808612046FFF7CDFE70BD70477B
:10F590007047000010B5044603492068884201D135
:10F5A000FEF7B2FE10BD0000000800407047F8B53D
:10F5B00004460E46174694F8420020282ED106B184
:10F5C0000FB90120F8BD01202063002060633A4696
:10F5D0003146204602F0B4F80546EDB9206B01280B
:10F5E00019D100BF002000902068006800902068BA
:10F5F0004068009000BF00BF00BF00BF21680C3111
:10F6000051E8001F41F0100021680C3141E8000270
:10F61000002AF3D100E001252846D3E70220D1E7F4
:10F6200038B504460D461C49206888422DD1202D4E
:10F6300003D200201949485502E000201749C87735
:10F64000164A294616A002F033F91E480078B0B9D0
:10F650001DA11248FCF708FE88B100200090694601
:10F660001B48006805F036F8009838B14FF080501C
:10F6700018490860BFF34F8FBFF36F8F00BF202280
:10F6800006491548FFF793FF04E0144920688842B3
:10F6900000D000BF38BD000000380140F403002056
:10F6A0005553415254312052583A202564206279F2
:10F6B0007465732C20646174613A205B25735D0D61
:10F6C0000A000000E40000207570646174650000A9
:10F6D0001800002004ED00E0140400200044004065
:10F6E000704700002DE9F84F04462068056820683F
:10F6F000C668206847694FF00009CA4605F00F093F
:10F70000B9F1000F0AD105F0200038B106F0200051
:10F7100020B1204601F0B3FEBDE8F88FB9F1000F2B
:10F720007BD007F0010018B906F49070002874D05F
:10F7300005F0010030B106F4807018B1606C40F043
:10F740000100606405F0040030B107F0010018B159
:10F75000606C40F00200606405F0020030B107F018
:10F76000010018B1606C40F00400606405F008000E
:10F7700048B106F0200010B907F0010018B1606C24
:10F7800040F008006064606C002845D005F020005F
:10F7900028B106F0200010B1204601F070FE20686C
:10F7A0004069C0F3801A606C00F0080010B9BAF12B
:10F7B000000F2CD0204601F009FE2068406900F0BF
:10F7C000400000B300BF00BF2168143151E8001FA2
:10F7D00021F040002168143141E80002002AF3D1F1
:10F7E00000BFE06B50B17748E16B4863E06BFDF719
:10F7F000B9FE88B1E06B416B88470DE02046FFF70A
:10F800006FFF09E009E02046FFF76AFF04E02046A9
:10F81000FFF766FF002060647EE7206B012877D148
:10F8200005F01000002873D006F010000028FAD070
:10F8300000BF0020009020680068009020684068A9
:10F84000009000BF00BF2068406900F04000002821
:10F850005FD0E06B006840681FFA80F8B8F1000FD5
:10F8600055D0A08D404552DDA4F82E80E06B806914
:10F87000202843D000BF00BF21680C3151E8001F91
:10F8800021F4807021680C3141E80002002AF3D194
:10F8900000BF00BF00BF2168143151E8001F21F0F4
:10F8A00001002168143141E80002002AF3D100BFB1
:10F8B00000BF00BF2168143151E8001F21F0400053
:10F8C0002168143141E80002002AF3D100BF202052
:10F8D00084F842000020206300BF00BF21680C3183
:10F8E00051E8001F21F0100021680C3141E80002AE
:10F8F000002AF3D100BFE06BFDF708FE0220606331
:10F90000A08DE28D801A81B22046FFF789FE03E7C1
:10F9100042E0A08DE18D401A1FFA80F8E08DD0B34F
:10F92000B8F1000F37D000BF00BF21680C3151E89B
:10F93000001F21F4907021680C3141E80002002A78
:10F94000F3D100BF00BF00BF2168143151E8001F90
:10F9500021F001002168143141E80002002AF3D1AE
:10F9600000BF202084F842000020206300BF00BFB9
:10F9700021680C3151E8001F21F0100021680C3182
:10F9800041E80002002AF3D100BF02206063414633
:10F990002046FFF745FEBFE605F0800030B106F0D7
:10F9A000800018B1204601F0EBFEB5E605F04000FE
:10F9B00030B106F0400018B1204601F03DFDABE645
:10F9C00000BFA9E69112010810B504460CB9012048
:10F9D00010BDA06900B100E000BF94F8410028B953
:10F9E000002084F84000204600F02AF8242084F803
:10F9F00041002068C06820F400502168C86020469B
:10FA000001F0BCFD2068006920F490402168086185
:10FA10002068406920F02A00216848612068C06899
:10FA200040F400502168C86000206064202084F801
:10FA3000410084F842000020606300BFC8E7000076
:10FA400010B586B004460020029003900490059003
:10FA500070492068884237D100BF6F48806940F400
:10FA600080406D4988610846806900F480400190BB
:10FA700000BF00BF00BF0846806940F004008861F5
:10FA80000846806900F00400019000BF00BF4815DF
:10FA90000290022003900320059002A95F48FEF720
:10FAA000A9F84FF48060029000200390049002A90E
:10FAB0005A48FEF79FF8002208212520FEF7DEFCB9
:10FAC0002520FEF7CBFCA2E05549206888423FD1B3
:10FAD00000BF5148C06940F400304F49C861084632
:10FAE000C06900F40030019000BF00BF00BF0846AD
:10FAF000806940F0200088610846806900F020009D
:10FB0000019000BF00BF202002900220039003203C
:10FB1000059002A94348FEF76DF8402002900020AE
:10FB20000390049002A93F48FEF764F800BF3E49E5
:10FB3000486840F0E06040F00800486000BF0022E4
:10FB400009212620FEF79AFC2620FEF787FC5EE0BE
:10FB50003649206888425AD100BF2F48C06940F416
:10FB600080202D49C8610846C06900F480200190BA
:10FB700000BF00BF00BF0846806940F020008861D8
:10FB80000846806900F02000019000BF00BF881582
:10FB90000290022003900320059002A92148FEF75D
:10FBA00029F84FF40070029000200390049002A9FD
:10FBB0001C48FEF71FF800BF1B49486820F03000C2
:10FBC00040F0E06040F03000486000BF184819493C
:10FBD0000860002048600021164881608021C160D3
:10FBE0000021016141618161C161FDF75BFF08B1E5
:10FBF000FCF7EBFE00BF0F48E063446200BF002249
:10FC000006212720FEF73AFC2720FEF727FC06B046
:10FC100010BD000000380140001002400008014003
:10FC20000044004000140140000001400048004032
:10FC300030000240EC04002070B504460D46164624
:10FC400094F8420020280BD105B10EB9012070BDF7
:10FC50000020206332462946204601F00DFDF6E7DC
:10FC60000220F4E770B504460D46164694F84200AB
:10FC700020280BD105B10EB9012070BD00202063F2
:10FC800032462946204601F05BFDF6E70220F4E704
:10FC90001CB504460120019029492068884230D1D2
:10FCA0002848C0780090274883784278017826A0B9
:10FCB00001F0FEFD234800784A281CD121484078F5
:10FCC0005F2818D11F48C0788B2814D100200090DD
:10FCD00000236A461B49891C2448006804F07CFC08
:10FCE000009838B14FF0805021490860BFF34F8F22
:10FCF000BFF36F8F00BF042212491E48FFF7B2FF07
:10FD00001CE01D492068884218D11C4801781C4815
:10FD100002F0B6FA01A91B48006803F05FFF0198E2
:10FD200038B14FF0805012490860BFF34F8FBFF3D6
:10FD30006F8F012211491448FFF77EFF1CBD0000A0
:10FD400000440040340000205553415254322052A8
:10FD5000583A20253032582025303258202530326C
:10FD60005820253032580D0A0000000024000020E1
:10FD700004ED00E05C040020004800403800002052
:10FD8000E40300200C000020A404002070472DE9AB
:10FD9000F84F04460E46174699464FF0000A94F86D
:10FDA0004100202850D106B117B90120BDE8F88FD5
:10FDB00000206064212084F84100FEF7CBF88246E1
:10FDC000A784E784A068B0F5805F04D1206910B9EA
:10FDD0000025B04602E035464FF000081EE05346CD
:10FDE000002280212046CDF8009001F0F9FC20B1DE
:10FDF000202084F841000320D8E745B9B8F8000076
:10FE0000C0F308002168486008F1020803E0287880
:10FE1000216848606D1CE08C401EE084E08C002866
:10FE2000DDD15346002240212046CDF8009001F05C
:10FE3000D7FC20B1202084F841000320B6E7202021
:10FE400084F841000020B1E70220AFE7704700BF0F
:10FE5000FEE7014608684069C0F38020B0B16FF446
:10FE600080600A68506100200863202081F83D000E
:10FE7000002081F83E00086C40F00400086400BFD8
:10FE8000002081F83C0000BF012070470020FCE703
:10FE90002DE9F8430446884615469946DDE908678A
:10FEA0002068006840F480702168086033460022B2
:10FEB0004FF001112046009700F08DF860B12068E6
:10FEC000006800F48070B0F5807F02D14FF40070BC
:10FED00020640320BDE8F88308F0FE002168086173
:10FEE0003B4632462149204600F0D4F808B10120B3
:10FEF000F0E700BF00200090206840690090206873
:10FF00008069009000BF00BF3A463146204600F0AD
:10FF10003EF950B1206C042805D12068006840F4F7
:10FF20000070216808600120D4E7B9F1010F03D106
:10FF3000E8B22168086117E0C5F30720216808616D
:10FF40003A463146204600F022F950B1206C042890
:10FF500005D12068006840F4007021680860012025
:10FF6000B8E7E8B2216808610020B3E702000100A9
:10FF700070B504460D46164625E02046FFF769FF9A
:10FF800008B1012070BD681CE8B1FDF7E3FF801BDC
:10FF9000A84200D8BDB920684069C0F3800090B97C
:10FFA00000202063202084F83D00002084F83E00DB
:10FFB000206C40F02000206400BF002084F83C004A
:10FFC00000BF0120DEE720684069C0F38000002800
:10FFD000D3D00020D6E72DE9F04104460D46174660
:10FFE0001E46DDF8188038E0701CA8B3FDF7B2FF9C
:10FFF000A0EB0800B04200D876BBC5F3074001284B
:020000040801F1
:100000000AD120684069A9B20840A9B2884201D14A
:1000100001200BE0002009E020688069A9B20840B7
:10002000A9B2884201D1012000E00020B84214D1D9
:1000300000202063202084F83D00002084F83E004A
:10004000206C40F02000206400BF002084F83C00B9
:1000500000BF0120BDE8F081FFE7C5F3074001289C
:100060000AD120684069A9B20840A9B2884201D1EA
:1000700001200BE0002009E020688069A9B2084057
:10008000A9B2884201D1012000E00020B842ABD0E3
:100090000020DFE72DE9F04104460D4616461F46D5
:1000A00058E020684069C0F38020E8B1206800680B
:1000B00040F40070216808606FF480602168486136
:1000C00000202063202084F83D00002084F83E00BA
:1000D000206C40F00400206400BF002084F83C0045
:1000E00000BF0120BDE8F081701C90B3FDF732FF26
:1000F000C01BB04200D866BBC5F3074001280AD137
:1001000020684069A9B20840A9B2884201D1012003
:100110000BE0002009E020688069A9B20840A9B27C
:10012000884201D1012000E0002090B90020206326
:10013000202084F83D00002084F83E00206C40F030
:100140002000206400BF002084F83C0000BF012094
:10015000C8E7FFE7C5F3074001280AD120684069D6
:10016000A9B20840A9B2884201D101200BE00020C9
:1001700009E020688069A9B20840A9B2884201D18B
:10018000012000E0002000288BD00020AAE770B5F5
:1001900004460D46164625E02046FFF75AFE08B1F4
:1001A000012070BD681CE8B1FDF7D4FE801BA84299
:1001B00000D8BDB920684069C0F3C01090B90020D4
:1001C0002063202084F83D00002084F83E00206C4D
:1001D00040F02000206400BF002084F83C0000BFF5
:1001E0000120DEE720684069C0F3C0100028D3D0AA
:1001F0000020D6E710B58AB0044628216846FCF7EF
:1002000028F801200590002006900120079020206A
:100210000090002001904FF6E070029000200390C3
:1002200004940120089069460248FCF78BFC0AB050
:1002300010BD00001001002010B50120FFF7DAFF0B
:1002400010210648FCF7C4FB002206211520FEF70A
:1002500015F91520FEF702F910BD0000100100206D
:1002600070B588B004460D46164600BF0B48FCF733
:10027000CDFD0028FAD0182102A8FBF7EAFF02946E
:100280000020049005900696019001AB2A4602A931
:100290000248FCF7B2FB08B070BD0000100100205E
:1002A0002DE9FE430446884615466019FF2804DD03
:1002B00025A001F0FDFABDE8FE832046E11704EB1E
:1002C00011710911A4EB0111C1F11001CEB2B542B7
:1002D0000BDC4FF47A7001232246A021CDE9008582
:1002E00002902148FDF724FF2CE0A146002718E0EA
:1002F0004FF47A7108EB071001234A46CDE90161FA
:100300000090A0211848FDF713FF781CC7B209EB35
:10031000060000F0FF09A81B85B210260A20FDF791
:1003200055FCB542E4DC65B14FF47A7108EB071077
:1003300001234A46CDE901510090A0210A48FDF76A
:10034000F7FE00BF00BFB6E7D0B4C8EBB5C4B5D860
:10035000D6B7D6B5B3ACB9FD454550524F4DB5C42F
:10036000B5D8D6B7D6B50A003801002070B5064614
:100370000C4600F09DF800F045F8300400EB043521
:10038000202000F067F8C5F3074000F063F8C5F3DC
:10039000072000F05FF8E8B200F05CF800F03CF8ED
:1003A00070BD000008B56423012269460248FEF7CB
:1003B000F5FC9DF8000008BD8C0100202DE9F041FE
:1003C00004460E46174600F031F800F01BF80320F3
:1003D00000F040F8C4F3074000F03CF8C4F30720F5
:1003E00000F038F8E0B200F035F8002504E0FFF73F
:1003F000D9FF7055681C85B2BD42F8DB00F00CF8DF
:10040000BDE8F08110B500224FF480510148FDF79E
:100410009BFD10BD000C014010B5012211030248E4
:10042000FDF792FD10BD0000000C014010B5FFF774
:10043000E9FF0AE0052000F00DF8FFF7B3FF0446DE
:1004400004F0010000B901E000BFF3E700BFFFF7CF
:10045000E3FF10BD01B56423012269460148FEF7A0
:100460005EFD08BD8C0100202DE9F04104460E46DA
:10047000174600F01DF8FFF7C5FF0220FFF7EAFF5F
:10048000C4F30740FFF7E6FFC4F30720FFF7E2FFDE
:10049000E0B2FFF7DFFF002504E0705DFFF7DAFF51
:1004A000681C85B2BD42F8DBFFF7B6FFBDE8F081FE
:1004B00010B5FFF7BBFFFFF7A5FF0620FFF7CAFF48
:1004C000FFF7AAFF10BD000010B5104810490860E2
:1004D0002420486000210E488160C1604FF48031C3
:1004E0000161490141610021017601214176817656
:1004F0000021C17601774177FCF7CAFD08B1FCF70E
:1005000064FA02210248FCF763FA10BD006400405F
:100510001001002010B50548054908600846FCF7A1
:10052000CCFF08B1FCF751FA10BD000000300240CA
:100530002C00002008B500BF0A48406940F00100C7
:10054000084948610846406900F00100009000BF7A
:1005500000BF002205210D20FDF790FF0D20FDF7C3
:100560007DFF08BD0010024010B5FCF735F9044AC4
:100570000021044802F08EF90349086010BD000014
:10058000D0510108011001082800002000B585B0F5
:100590000020019002900390049000BF33488069CE
:1005A00040F01000314988610846806900F0100071
:1005B000009000BF00BF00BF0846806940F00800FF
:1005C00088610846806900F00800009000BF00BF05
:1005D00000BF0846806940F02000886108468069B5
:1005E00000F02000009000BF00BF00BF08468069F7
:1005F00040F0040088610846806900F00400009023
:1006000000BF00BF01224FF4A1511948FDF79CFC27
:1006100000224FF400611648FDF796FC4FF440604D
:10062000019011200290012003900320049001A961
:100630000F48FDF7DFFA4FF480500190012002903F
:10064000002003900320049001A90948FDF7D2FA85
:10065000202001900120029002200390049001A923
:100660000348FDF7C7FA05B000BD000000100240C6
:10067000000C014010B50B480B4908600B4848605E
:10068000002109488160C1604FF48041016100216F
:1006900041618161C1610162FDF762FC08B1FCF753
:1006A00094F910BD0054004038010020A0860100DC
:1006B00010B50E480E4908604FF482704860002162
:1006C0000B488160C160016141614FF4007181613B
:1006D0000821C16100210162416281620A21C16277
:1006E000FEF7B8FA08B1FCF770F910BD0038004009
:1006F0008C01002010B50D480D4908604FF4E13021
:10070000486000210A488160C16001610C2141619B
:1007100000218161C161FFF757F908B1FCF755F974
:10072000202204490248FEF742FF10BD0038014074
:1007300014040020F403002010B50D480D49086092
:100740004FF4E130486000210A488160C1600161D6
:100750000C21416100218161C161FFF735F908B1C8
:10076000FCF733F9042204490248FFF77BFA10BD75
:10077000004400405C0400203400002010B50E4A04
:100780004FF400710D4801F075FD0D480D490860EA
:100790004FF4E130486000210A488160C160016186
:1007A0000C21416100218161C161FFF70DF908B1A0
:1007B000FCF70BF910BD0000E4010020E403002069
:1007C00000480040A404002000BFFEE700BFFEE791
:1007D00000200CE0002106E00022064B03EBC013D2
:1007E0005A544A1CD1B28029F6DB421CD0B20828E8
:1007F000F0DB7047780500202DE9F04304460D46F4
:1008000016461F46284638E0224631E0002A2DDBF6
:100810007F2A2BDC002829DB3F2827DC4FEAE07CFD
:1008200000EB5C7C4FEAEC0CDFF8588008EBCC1C4A
:100830001CF802C003464FEAE07800EB58784FEA14
:10084000E808A0EBC8094FF0010808FA09F82CEAFB
:10085000080C01464FEAE07800EB58784FEAE808C8
:10086000DFF8209009EBC81808F802C0511C0AB242
:10087000A1199142CADC411C08B2E9198142C3DCCA
:10088000BDE8F0837805002070B50546002411E02E
:1008900080212141294009B1012100E000210846C1
:1008A00000F096FA012000F081FA002000F07EFAB4
:1008B000601CC4B2082CEBDB012000F077FA0020AA
:1008C00000F074FA70BD10B5012000F081FA01202B
:1008D00000F06CFA002000F07BFA002000F066FACD
:1008E00010BD10B5002000F073FA012000F05EFA90
:1008F000012000F06DFA10BD10B501224FF44061E7
:100900002648FDF721FBAE2000F074FAD52000F058
:1009100071FA802000F06EFAA82000F06BFA3F20F8
:1009200000F068FAD32000F065FA002000F062FAC7
:10093000402000F05FFAA12000F05CFAC82000F02F
:1009400059FADA2000F056FA122000F053FA81200A
:1009500000F050FACF2000F04DFAD92000F04AFA0A
:10096000F12000F047FADB2000F044FA302000F0DC
:1009700041FAA42000F03EFAA62000F03BFA8D20B8
:1009800000F038FA142000F035FAAF2000F032FA07
:10099000FFF71EFF00F0B8F910BD0000000C014089
:1009A0000FB470B5C2B005460E4614464AA8019071
:1009B00002A8019A499900F08BFF0020019023467C
:1009C00002AA3146284600F0BDF842B070BC5DF87E
:1009D00014FB70B505460C4645F0B00000F00AFA6D
:1009E000102141EA141000F005FA04F00F0000F0A5
:1009F00001FA70BDF8B506460F4614461D46082D8F
:100A00000CD1A4F120000E4901EB001010230822A4
:100A100039460090304600F017F80FE0062D0DD152
:100A2000A4F1200000EB4000064901EB4000082340
:100A3000062239460090304600F006F8F8BD000066
:100A400030520108205801082DE9FF4F80460E461C
:100A50009146DDF834B0002500244A463146404630
:100A6000039BFFF7C9FE00BF5EE0002558E008EBDE
:100A70000500002852DB08EB05007F284EDC3046DD
:100A8000F11706EB5171C9100FB2F11706EB517156
:100A9000C910A6EBC10A002E05DA781E07B20AF1CA
:100AA00008000FFA80FA3819002817DB38190728D0
:100AB00014DC3819224901EBC01008EB0501405C39
:100AC00004FB09511BF8011001FA0AF10843391916
:100AD0001B4A02EBC11108EB050288543819401C6F
:100AE00000281BDB3819401C072817DC3819401C6C
:100AF000134901EBC01008EB0501405C04FB0951F0
:100B00001BF80110CAF10802114108433919491CA8
:100B10000B4A02EBC11108EB05028854681CC5B2F0
:100B20004D45A4DB601CC4B20399481EC11700EBFD
:100B30005171012202EBE101A14296DCBDE8FF8F79
:100B4000780500202DE9FE4F07468A461446984650
:100B50000025AB460026CBE0605D00F0800058B970
:100B60004FF0010B2846691C8DB2205C8DF8040003
:100B700000208DF805006BE0605D00F0E000C0280B
:100B800014D14FF0020B2846691C8DB2205C8DF801
:100B90000400605D00B9AFE02846691C8DB2205C9E
:100BA0008DF8050000208DF8060051E0605D00F032
:100BB000F000E0281DD14FF0030B2846691C8DB2D0
:100BC000205C8DF80400605D00B995E02846691C42
:100BD0008DB2205C8DF80500605D00B98CE0284680
:100BE000691C8DB2205C8DF8060000208DF807008E
:100BF0002EE0605D00F0F800F02826D14FF0040BE5
:100C00002846691C8DB2205C8DF80400605D00B937
:100C100072E02846691C8DB2205C8DF80500605D8D
:100C200000B969E02846691C8DB2205C8DF8060089
:100C3000605D00B960E02846691C8DB2205C8DF8CB
:100C4000070000208DF8080002E0681C85B24FE024
:100C5000BBF1010F0BD19DF80420B91908B243462E
:100C60005146FFF7C7FE06EB080086B23FE04FF0A3
:100C700000090EE009EB890101EB4911204A8818AF
:100C800001A9FBF70AFB00B90EE009F101001FFA08
:100C900080F909EB890101EB4911194A881819A15A
:100CA000FBF7FBFA0028E5D100BFB8F1080F12D11D
:100CB00009EB890000EB491011490844401DB9199E
:100CC000009008B210231A465146FFF7BDFE06F108
:100CD000100086B20BE0B8F1060F08D1B91908B2BE
:100CE00006233F225146FFF785FEB01D86B200BFA6
:100CF000605D00287FF430AF00BFBDE8FE8F0000CC
:100D00005A5A01080000000010B500240BE0002131
:100D10002046FFF75EFE054901EBC410802100F07C
:100D200079F8601CC4B2082CF1DB10BD78050020F6
:100D30002DE9F04706460D46174698462846E9171E
:100D400005EB5171C9100FFA81F905EB0801481E36
:100D5000C11700EB5171C910491C0FFA81FA002D1F
:100D600007DAA9F101000FFA80F9AAF101000FFAE0
:100D700080FA4C4614E0002E10DB7F2E0EDC002C97
:100D80000CDB072C0ADCF1B2E0B2FFF722FE0649C9
:100D900001EBC4118819394600F03CF8601C04B21C
:100DA0005445E8DBBDE8F0877805002010B504461F
:100DB00034B900224FF480610448FDF7C5F804E01F
:100DC000012291020148FDF7BFF810BD000C01405F
:100DD00010B5044634B900224FF400610448FDF711
:100DE000B3F804E00122D1020148FDF7ADF810BDCF
:100DF000000C014010B50446FFF765FD7820FFF7B1
:100E000043FD0020FFF740FD2046FFF73DFDFFF7C3
:100E100068FD10BD70B505460E46FFF754FD7820FD
:100E2000FFF732FD4020FFF72FFD002404E0285D8E
:100E3000FFF72AFD601CC4B2B442F8DBFFF751FD96
:100E400070BD000008B508490968C9084FF47A72F6
:100E5000B1FBF2F14143009100BF00BF00994A1E6F
:100E600000920029F9D108BD48000020F8B50446D9
:100E70000E4615466068B0F5827F0DD1A068B0F5CA
:100E8000004F03D0A068B0F5806F05D120680068DE
:100E900020F04000216808606068B0F5827F11D1C1
:100EA000A068B0F5806F0DD13346002201212046A5
:100EB000009500F039F898B1606D40F02000606551
:100EC0000320F8BD3346002280212046009500F023
:100ED0002BF828B1606D40F0200060650320F0E73A
:100EE0000020EEE7F8B504460E46154633460122CB
:100EF00002212046009500F017F828B1606D40F0FF
:100F0000200060650320F8BD334600228021204682
:100F1000009500F009F828B1606D40F02000606590
:100F20000320F0E70020EEE72DE9F84F04460D46D8
:100F300090461E46DDF82890FDF70CF8A0EB09005E
:100F4000371AFDF707F882462C480068C0F3CB300B
:100F50007843009045E0701C002842D0FCF7FAFF6F
:100F6000A0EB0A00B84200D2A7BB2068406820F07E
:100F7000E000216848606068B0F5827F0DD1A0680C
:100F8000B0F5004F03D0A068B0F5806F05D12068A0
:100F9000006820F0400021680860A06AB0F5005F9A
:100FA0000DD100BF2068006820F40050216808605F
:100FB0002068006840F400502168086000BF0120EC
:100FC00084F8510000BF002084F8500000BF0320C7
:100FD000BDE8F88FFFE7009800B900270098401E91
:100FE0000090206880682840A84201D1012000E0DC
:100FF00000204045AFD10020EAE700004800002073
:101000001CB502F021FC2D480F210023C822CDE998
:1010100000102BA12D4803F0A3FD0446012C02D0A3
:101020002BA000F045FC31480D2100238022CDE9A2
:1010300000102FA1314803F093FD0446012C02D08B
:101040002FA000F035FC35480E2100238022CDE989
:10105000001033A1354803F083FD03220021012055
:1010600003F0FDF8324908603248142100234FF4A0
:101070008072CDE9001030A1324803F071FD0022EA
:101080000C21052003F0EBF82F49086000220C2109
:10109000052003F0E4F82D49086000220121052015
:1010A00003F0DDF82A49086002F0F8FB002002F0A6
:1010B0001FFD00BF012001F097FBFBE700000020AF
:1010C0006F6C65645F7461736B000000DD2501085F
:1010D0006F6C65645F7461736B20637265617465C6
:1010E000206661696C6564210D0A0000040000201F
:1010F00063616E5F7461736B00000000452201083C
:1011000063616E5F7461736B2063726561746520E7
:101110006661696C6564210D0A000000080000200A
:10112000766F6963655F7461736B0000314001081D
:1011300018000020100000206F74615F7461736BF1
:10114000000000004D2901081C00002020000020A4
:101150002400002010B54FF0E020006903F090FD5E
:10116000012801D003F050F810BD00B58FB0282140
:1011700005A8FBF76EF814216846FBF76AF8012012
:10118000059000040690002007900120099002209D
:101190000C90C1030D914FF4E0110E9105A8FDF7DD
:1011A00027FB08B1FBF711FC0F20009002200190F3
:1011B000002002904FF480600390002004900221F0
:1011C0006846FDF7CFF908B1FBF7FFFB0FB000BD94
:1011D0007047000010B50248FEF723F910BD00006B
:1011E0003005002010B50268244B98420ED0244BE5
:1011F00098420BD0B0F1804F08D0224B984205D0D6
:10120000214B984202D0214B984203D122F0700228
:101210004B681A43194B98420ED0194B98420BD089
:10122000B0F1804F08D0174B984205D0164B98422A
:1012300002D0164B984203D122F44072CB681A4375
:1012400022F080034C6943EA040202608B68C362A7
:101250000B688362094B984202D0094B984201D136
:101260000B69036301234361036903F001031BB1AD
:10127000036923F00103036110BD0000002C01404D
:10128000003401400004004000080040000C004011
:1012900070B505466C6A0020E085E0842046FEF7C4
:1012A0001FFA70BD70B506460025746A2068406953
:1012B000C0F3C01594F84100212805D125B10020C4
:1012C000E084204600F0C8F820684069C0F380152B
:1012D00094F84200222805D125B10020E08520465F
:1012E00000F074F8606C40F0100060642046FEF777
:1012F000F7F970BD70B505466C6A2868006800F0A3
:101300002000002842D1E08500BF00BF21680C31D9
:1013100051E8001F21F4807021680C3141E800027F
:10132000002AF3D100BF00BF00BF2168143151E88B
:10133000001F21F001002168143141E80002002A59
:10134000F3D100BF00BF00BF2168143151E8001F76
:1013500021F040002168143141E80002002AF3D155
:1013600000BF202084F84200206B01280ED100BF6E
:1013700000BF21680C3151E8001F21F010002168E6
:101380000C3141E80002002AF3D100BF0020606365
:10139000206B012804D1A18D2046FEF741F902E01F
:1013A0002046FEF775FC70BD70B505466C6A0120DD
:1013B0006063206B012805D1A08D41082046FEF70F
:1013C0002FF902E02046FEF7E1FC70BD00BF00BF30
:1013D00002680C3252E8002F22F4907102680C323D
:1013E00042E80013002BF3D100BF00BF00BF02682A
:1013F000143252E8002F22F001010268143242E850
:101400000013002BF3D100BF016B01290ED100BFE7
:1014100000BF02680C3252E8002F22F0100102686F
:101420000C3242E80013002BF3D100BF202180F8DA
:10143000421000210163704710B504462068C0685F
:1014400020F040002168C860202084F84100204638
:10145000FEF7FCFC002010BD00BF00BF02680C328C
:1014600052E8002F22F0C00102680C3242E800135B
:10147000002BF3D100BF202180F841107047F8B550
:10148000044694F84200222875D1A068B0F5805F28
:101490000CD1206950B90025A66A20684068C0F3C5
:1014A00008003080A06A801CA06215E0A56A0026B2
:1014B000A068B0F5805F03D0A06828B9206918B98A
:1014C00020684068287004E02068406800F07F00D1
:1014D0002870A06A401CA062E08D401E80B2E085AA
:1014E000002846D12068C06820F020002168C8602C
:1014F0002068C06820F480702168C8602068406956
:1015000020F0010021684861202084F8420000207A
:101510006063206B012826D10020206300BF00BF3C
:1015200021680C3151E8001F21F0100021680C31B6
:1015300041E80002002AF3D100BF2068006800F0F3
:10154000100010280AD100BF002000902068006819
:10155000009020684068009000BF00BFA18D204629
:10156000FEF75EF802E02046FEF792FB0020F8BD91
:1015700001E00020FBE70220F9E7000070B5044617
:101580002168096921F44051E26811432268116120
:101590002269A1681143626941EA02052168C968AC
:1015A00041F20C62914329432268D1602168496964
:1015B00021F44071A2691143226851612D4A2168CA
:1015C000914202D1FDF7CCF801E0FDF7B9F800EB4C
:1015D000C00101EB001162689200B1FBF2F100EB77
:1015E000C00202EB001263689B00B2FBF3F26423BB
:1015F000B2FBF3F202EBC20303EB0212A1EB820196
:10160000322202EB01116422B1FBF2F101F0F00190
:1016100000EBC00202EB001263689B00B2FBF3F226
:101620006423B2FBF3F201EB021200EBC00101EB09
:10163000001163689B00B1FBF3F100EBC00303EB07
:1016400000136668B600B3FBF6F36426B3FBF6F34B
:1016500003EBC30606EB0313A1EB8301322303EB79
:1016600001116423B1FBF3F101F00F011144226871
:10167000916070BD0038014077B581B004461546D1
:101680000298A062A58500206064222084F84200B0
:101690002848E16B88622848E16BC8622748E16B03
:1016A00008630020E16B486302AE32682368191DAD
:1016B0002B46E06BFCF73CFA00BF0020009020684E
:1016C0000068009020684068009000BF00BF20695B
:1016D00070B100BF00BF21680C3151E8001F41F418
:1016E000807021680C3141E80002002AF3D100BF6C
:1016F00000BF00BF2168143151E8001F41F0010014
:101700002168143141E80002002AF3D100BF00BF74
:1017100000BF2168143151E8001F41F040002168EA
:10172000143141E80002002AF3D100BF002004B0C8
:1017300070BD0000F5120108A9130108A5120108E7
:1017400010B5034699629A85DA85002058642220F4
:1017500083F84200186928B11868C06840F48070A6
:101760001C68E0601868406940F001001C68606116
:101770001868C06840F020001C68E060002010BDC0
:10178000014691F84100212828D18868B0F5805F92
:101790000BD1086948B90A6A1088C0F308000B68C1
:1017A0005860086A801C086205E00B6A581C0862D1
:1017B00018780B685860C88C401E80B2C88458B92D
:1017C0000868C06820F080000B68D8600868C068AE
:1017D00040F040000B68D860002070470220FCE712
:1017E0002DE9F84304460D4617469846089E31E019
:1017F000701C70B3FCF7AEFBA0EB0800B04200D841
:1018000016B90320BDE8F8832068C06800F0040022
:10181000F8B1802D1ED0402D1CD020680068C0F388
:10182000C000B0B100BF00200090206800680090A8
:1018300020684068009000BF00BF2046FFF7C6FD4B
:101840000820606400BF002084F8400000BF012031
:10185000D8E7FFE7206800682840A84201D10120AE
:1018600000E00020B842C3D00020CBE710B502480A
:10187000FDF738FF10BD00001404002010B5024829
:10188000FDF730FF10BD00005C04002010B50248D9
:10189000FDF728FF10BD0000A404002010B5024889
:1018A000FBF7CFFA10BD00001001002000BFFEE7DB
:1018B0000FB4054B10B503A9044A029800F00AF9C9
:1018C00010BC5DF814FB0000AD2201080C010020E3
:1018D00037B514460846064B6A46214600F0FAF82A
:1018E00004466946002000F08CFC20463EBD000006
:1018F0000322010802480068C0F30220704700007C
:101900000CED00E010B5002804DB0A07130E054AB1
:10191000135406E00A07140E034A00F00F031B1FBE
:10192000D45410BD00E400E018ED00E0EFF30580B2
:10193000704702E008C8121F08C1002AFAD1704798
:101940007047002001E001C1121F002AFBD170473F
:101950002DE9FF5F82B00021DDE90430020DDDF8E2
:1019600040B0034318D044F61050A2F2FF32424375
:101970001514119801281FD0A5EB0B00401C5FEA3D
:10198000000A4FF000064E4FDFF83891B04650463F
:1019900015D5CAF1000413E0119801244AA30128C7
:1019A00001D16FEA0B010298119AC0E90031C0E938
:1019B000024206B0BDE8F09FCBF10000DFE704462D
:1019C0000021404A491842EB0450CDE9001012E0D2
:1019D000E00707D032463B4640464946FAF712FD3B
:1019E0008046894632463B4610461946FAF70AFDBC
:1019F00006460F466410002CEAD1DDE90401DDE95A
:101A00000023BAF1000F06DAFAF7FCFC42464B4617
:101A1000FAF7F8FC05E0FAF767FD42464B46FAF79D
:101A200063FD04460E460022284BFAF7CDFD03D88D
:101A30004FF0FF30014607E00022254B204631469B
:101A4000FAF739FCFAF79DFE102409E0002C0ADBB6
:101A50000A220023FAF7E6FD039B30321A55641E72
:101A600050EA0102F2D1641C039AC4F11103144438
:101A7000119A012A03D0012208430DD10AE008433C
:101A800004D000204FF0110B119072E7A3EB0B056F
:101A90006D1E0DE05B4504DD4FF0000205F1010510
:101AA00004E003DA4FF00002A5F10105002AECD0B2
:101AB00002981199C0E90231C0E9004579E70000B8
:101AC000000014400000F03F300000000000F04330
:101AD0000000E03F2DE9FF4F95B09B468946064642
:101AE00000250FE2252877D100242746F84A012156
:101AF000059400E0044316F8013F203B01FA03F08F
:101B00001042F7D130782A2811D06FF02F033078A7
:101B1000A0F13002092A16D8059A44F0020402EB1B
:101B2000820203EB42021044761C0590EFE759F85D
:101B3000042B0592002A03DA504244F40054059025
:101B400044F00204761C30782E2816D116F8010FC6
:101B500044F004042A280DD06FF02F023078A0F151
:101B60003003092B09D807EB870302EB4303C7189F
:101B7000761CF3E759F8047B761C30786C280FD07C
:101B800006DC4C2817D068280DD06A2814D104E050
:101B9000742810D07A280FD10DE044F400140AE024
:101BA00044F4801401E044F440147278824202D17B
:101BB00004F58014761C761C307866280BD013DC74
:101BC000582877D009DC002875D04528F6D046285B
:101BD000F4D047281AD19DE118E0632835D0642855
:101BE00079D0652812D195E1702873D008DC672878
:101BF000F1D069286FD06E280DD06F2806D1B5E0DE
:101C000073282CD0752875D0782874D05A46179927
:101C100090476D1C75E1C4F30250022809D00328D7
:101C20000DD0D9F8001004280DD00D6009F1040979
:101C300067E1D9F80010EA17C1E90052F6E7D9F8D0
:101C400000100D80F2E70D70F0E719F8041B8DF815
:101C5000001000208DF80100EA46012003E059F849
:101C600004AB4FF0FF3061074FF0000102D40DE0EC
:101C700008F101018846B9420FDA8045F8DB1AF80D
:101C800008100029F4D108E008F1010188468142DA
:101C9000FADB1AF808100029F6D105985B46A0EB8C
:101CA000080721463846179A00F094FA284400EBBA
:101CB000080507E04DE029E10DE01AF8010B5A464E
:101CC00017999047B8F10108F7D25B46214638468C
:101CD000179A13E142E00A220092C4F302524FF035
:101CE000000A022A08D059F804CB032A4FEAEC7103
:101CF0000AD00DE029E02AE009F1070121F00702EE
:101D0000F2E802C1914609E00FFA8CFC4FEAEC714F
:101D1000042A03D14FFA8CFC4FEAEC71002907DA50
:101D20000A460021DCF1000C61EB02012D2202E0E9
:101D3000220504D52B228DF80420012203E0E207BE
:101D400001D02022F7E7904659E00A2102E0102254
:101D50000DE010214FF0000A00910BE010224FF02F
:101D6000000A44F004040827009203E008224FF020
:101D7000000A0092C4F30252022A05D059F804CB9B
:101D80000021032A08D009E009F1070121F0070228
:101D9000F2E802C1914605E01FFA8CFC042A01D149
:101DA0000CF0FF0C4FF00008220728D5702806D051
:101DB000009B83F0100353EA0A0305D00EE0402293
:101DC0008DF80420012208E05CEA010206D03022EE
:101DD0008DF804208DF8050002229046009B83F0C8
:101DE000080353EA0A030AD15CEA010201D162073F
:101DF00005D530228DF804204FF001087F1E5828A9
:101E000004D034A003900EA802900DE036A0F9E7AC
:101E100053466046009AFAF705FC84460398825CB4
:101E20000298401E029002705CEA0100F0D1029814
:101E300006A9081A00F1200A600702D524F48034AC
:101E400000E00127574502DDA7EB0A0000E0002073
:101E500000EB0A01009005984144401A0590E00308
:101E600006D45B462146179A059800F0B3F905445D
:101E7000002706E001A85A46C05D179990476D1CDF
:101E80007F1C4745F6DBE0030CD55B462146179ADD
:101E9000059800F09FF9054404E030205A46179950
:101EA00090476D1C0099481E00900029F5DC08E061
:101EB000029802995A460078491C02911799904756
:101EC0006D1CBAF10001AAF1010AF1DC65E1000024
:101ED0000928010030313233343536373839616200
:101EE00063646566000000003031323334353637C4
:101EF00038394142434445460000000000F058F99B
:101F00000544761C307800287FF4ECAD19B02846E3
:101F1000BDE8F08F620700D4062709F1070222F01E
:101F2000070CFCE80223E14603F000485FEA080CD6
:101F300002D00FF2702C0DE05FEA045C02D50FF2C4
:101F4000682C07E05FEAC47C02D00FF2602C01E04D
:101F5000AFF2700C4FF0FF3823F00043CDF850C0C3
:101F600065280CD006DC452809D046281DD0472816
:101F70003DD13DE0662818D067287ED138E00021A9
:101F8000112F01DB112000E0781CCDE9000106A92A
:101F90000EA8FFF7DDFCDDE90F010E9A0391002189
:101FA000009207F1010A04914DE04FF000400097C4
:101FB000CDE9011006A90EA8FFF7CAFCDDE90F0262
:101FC00003920E9B11990022DDF80CA0009304925D
:101FD00011B9791C00EB010AB7EB0A0004D4C0F177
:101FE000FF3007F1010A0490AAEB0700019044E0DA
:101FF000012F00DA01270021112F01DD112000E05F
:102000003846CDE9000106A90EA8FFF7A1FCDDE9DD
:102010000F010E9A0391002104910092BA46210704
:102020000CD40399514500DA8A46BAF1010F05DD57
:10203000009AAAF10101515C302908D0B84202DAB5
:1020400010F1040F06DA0121CDE9011015E0AAF123
:102050000101E9E7002805DC049901440491AAEB99
:10206000000102E0411C514500DD8A460499401AF6
:10207000401C01904FF000400290200704D40198CA
:10208000504501DBCDF8048000208DF84F00029808
:102090000DF14F07B0F1004F25D02B200E90029884
:1020A0004FF0020800280CDA404202902D200E90DA
:1020B00007E00A210298FAF79FFA3031029007F8F8
:1020C000011DB8F10001A8F10108F2DC0298002816
:1020D000EFD1791E0E980870307800F0200040F0A3
:1020E000450007F8020D12A8C01B00F1070814985C
:1020F000007800B1012000EB0A01019801EBE071CA
:1021000005984144401A401E0590E00306D45B4602
:102110002146179A059800F05DF805441498007858
:1021200018B15A46179990476D1CE00324D55B46B9
:102130002146179A059800F04DF805441CE00498D4
:10214000002807DBDDE90301884203DD0098405CDD
:10215000179901E0179930205A469047049805F1E5
:102160000105401C04900198401E019004D12E20CE
:102170005A46179990476D1CBAF10001AAF1010A5D
:10218000DDDC05E017F8010B5A46179990476D1CE6
:10219000B8F10001A8F10108F4DC5B462146179A6A
:1021A0000598ABE62D0000002B0000002000000089
:1021B0002DE9F041044600251E461746880404D444
:1021C00005E039462020B0476D1C641EF9D528462D
:1021D000BDE8F0812DE9F041044600251E469046F9
:1021E000C80301D5302700E02027880404D505E086
:1021F00041463846B0476D1C641EF9D52846BDE8F7
:10220000F0810A68531C0B601070704710B5FEF720
:1022100013F810BD70B504460D46164632462946E1
:102220002046FEF71DF870BD10B5FFF7EFFF10BD9B
:1022300070B504460D461646324629462046FFF73D
:10224000E9FF70BD06A0FFF733FB07E02021084837
:10225000FBF770FE4FF47A7001F01CFCF6E700000B
:1022600073656E642074657374202E2E2E0A000030
:10227000000C01400023436003608160C26070472E
:1022800010B502460B465068411C9068884200D148
:1022900000211068884205D05468D0680355516009
:1022A000002010BD4FF0FF30FBE7000013B50C46D7
:1022B0006423012269460248FDF769FD00981CBDB0
:1022C0001404002010B5084801684FF4805001F054
:1022D0002FFA01F011FAFBF73DFE044908600520D2
:1022E0000349087010BD0000F40000200801002020
:1022F000E40000202DE9F041C0B02B48007810B96F
:1023000040B0BDE8F08100202749087027480078D8
:102310002649497840EA01202449897840EA014069
:102320002249C97840EA016621480068806840F087
:1023300001001F49096888601E480068C01C8508A4
:102340004FF4805714E02C46402C00D940244FF61F
:10235000FF7000EA84026946384601F0C3F922465C
:1023600069461348FBF795F807EB84072D1B00BF60
:10237000002DE8D10E480068D0F80080464506D10F
:102380000DA0FFF795FA04201049087009E00948EC
:102390000368424631460EA0FFF78AFA00200B4937
:1023A000087000BFACE7000001010020020100201E
:1023B0002C000020F40000206372632063686563D2
:1023C0006B20706173730D0A00000000E4000020B0
:1023D00063726320636865636B206661696C3A2091
:1023E0007265633D253038582063616C633D25304C
:1023F0003858206C656E3D25640D0A0010B51B48E9
:10240000007890B11A4804680020184908704FF409
:10241000807221461748006801F080F9154800686D
:1024200000F580701349086000BF13480068D8B1F8
:10243000FBF790FD10490968401AB0F57A7F13D96F
:102440000E480088002807DD0C4802880C48016807
:102450000848006801F062F90A4801680AA0FFF71D
:1024600027FA03200D49087010BD0000000100206C
:10247000EC000020F8000020FC000020F00000200C
:10248000E8000020F400002063616E5F7265635F06
:102490006D73675F6C656E3A25640A00E400002086
:1024A00010B51AA0FFF704FA1BA0FFF701FA01F01C
:1024B0000DF91EA0FFF7FCF90020204908802049F3
:1024C00008604FF480501F49086000201E490860D2
:1024D0001E4908701E4908701E481F4908600020E8
:1024E0001E4908601E480068806840F001001C49D1
:1024F0000968886003221BA10020FFF799FE0220D3
:102500001949087019A0FFF7D3F910BD72656376F9
:1025100020636D640D0A000065726173696E672047
:10252000666C6173682E2E2E0D0A00006572617351
:102530006520646F6E650D0A00000000F000002049
:10254000F4000020F8000020FC0000200001002022
:10255000010100209C360020E8000020EC00002053
:102560002C00002073676700E400002073656E6430
:1025700020636D6420646F6E650D0A0072B61448A6
:102580001449086062B6FBF7CBFEFEF7EEFDFDF7DF
:10259000FDFFFDF7CFFFFDF797FFFEF7EFF8FEF722
:1025A000A9F8FEF7C9F8FEF765F8FEF781F8FDF720
:1025B000B1FFFEF7A1F90848FAF735FFFAF76CF911
:1025C00000F022F9FDF7D0FF00F034F900BFFEE77C
:1025D00000C0000808ED00E0100100200EB575A352
:1025E000082200210846FEF7DBF974A30822102117
:1025F0000020FEF7D5F973A3082220210020FEF762
:10260000CFF972A3082230210020FEF7C9F9FEF7A6
:102610007BFBCDE000BF4FF0FF3269466D4800689C
:1026200002F0C8F80128F6D1BDF8000040F266615A
:10263000884272D19DF80500012812D11023202272
:1026400000212820FEF7D8F863A3082200212820C3
:10265000FEF7A6F91023202200212820FEF768FBB0
:10266000A6E09DF80500022812D1102320220021A7
:102670002820FEF7C1F85AA3082200212820FEF7DF
:102680008FF91023202200212820FEF751FB8FE034
:102690009DF80500032812D1102320221946282076
:1026A000FEF7AAF84CA3082210212820FEF778F99B
:1026B0001023202219462820FEF73AFB78E09DF8E7
:1026C0000500042812D11023202219462820FEF7E5
:1026D00093F843A3082210212820FEF761F9102364
:1026E000202219462820FEF723FB61E09DF8050013
:1026F000052813D11023202211462820FEF77CF84C
:1027000035A3082220212820FEF74AF91023202291
:1027100011462820FEF70CFB4AE016E09DF8050064
:10272000062845D11023202211462820FEF764F800
:102730002BA3082220212820FEF732F91023202283
:1027400011462820FEF7F4FA32E0BDF8000040F20E
:10275000555188422CD19DF80500072812D110232D
:10276000202230212820FEF747F81BA30822302121
:102770002820FEF715F91023202230212820FEF70B
:10278000D7FA15E09DF80500082811D11023202262
:1027900030212820FEF730F811A30822302128200C
:1027A000FEF7FEF81023202230212820FEF7C0FA81
:1027B00030E70000E8BDA6E781AF3A00E8BDA6E734
:1027C000AA973A00E5A4A9E7AA973A00E8BDA6E9C6
:1027D00097A83A001C000020E5BC80E590AF0000FF
:1027E000E585B3E997AD000070B50546FFF79EF8A3
:1027F00010B16FF0050404E0002415B1284601F083
:1028000049F9204670BD000010B5FFF78FF810B1F0
:102810006FF0050409E00648006820B9012004496A
:102820000860002401E04FF0FF34204610BD000096
:102830009C00002070B5FFF779F810B16FF0050427
:102840001FE011480068012819D100BF801F002136
:10285000002804DB0A07130E0C4A135406E00A078B
:10286000150E0B4A00F00F031B1FD55400BF00BF0D
:1028700002200549086001F0CBFA002401E04FF086
:10288000FF34204670BD00009C00002000E400E002
:1028900018ED00E02DE9FF478046894614460020E8
:1028A0000390FFF743F800284ED1B8F1000F4BD04A
:1028B000802618258246471E44B3206808B1D4F804
:1028C00000A0A06900B1A5692DB1382D03D82079E9
:1028D00000F0010018B1002004B0BDE8F087606985
:1028E00008B160698608A06840B1E0685C2805D33B
:1028F000206918B1606908B1012708E0A06830B903
:10290000E06820B9206910B9002700E00027012FF6
:102910000CD12169A0684B463246CDE900510290A6
:102920005146404602F04EF903900DE067B903A806
:10293000B2B24B465146CDE90050404602F010F984
:10294000012801D0002003900398C5E74FF0FF3124
:102950001F48006801F0E2FF1EA0FEF7A9FF23A0B8
:10296000FEF7A6FF2848006818B12748006801F064
:10297000ABFA2648006818B12448006801F0A4FAB0
:102980002348006818B12248006801F09DFA2148E8
:10299000006818B11F48006801F096FA1E480068E8
:1029A00018B11D48006801F08FFA1CA0FEF780FFE7
:1029B000642001F06FF8F9F731FF1FA0FEF778FFF0
:1029C00004E0F9F735FF012001F064F8F9E70000B1
:1029D000180000204F5441207461736B20776F6B97
:1029E000656E207570210D0A000000004F54413AB9
:1029F0002073757370656E64696E67207461736BA4
:102A0000732E2E2E0D0A0000000000200C00002066
:102A10001400002008000020040000204F54413A18
:102A200020616C6C207461736B73207375737065B7
:102A30006E6465640D0A00004F54413A20696E6966
:102A40007420646F6E652C207374617274696E6794
:102A5000207374617465206D616368696E650D0A29
:102A60000000000010B5044603220021012001F0FF
:102A7000F6FB206000231A461946206801F0D8FCB6
:102A8000002010BD10B504464FF0FF31206801F062
:102A900045FF10BD2DE9F04105460E461648076872
:102AA00016480068001D00F06BFE681C38B936B18E
:102AB00012480168091D124800F0B9FE1AE07C199D
:102AC0000E4800684460BC4207D20C480168091DEA
:102AD0000C48006800F091FE0CE008480168091DF0
:102AE0000948006800F089FE08480068844201D265
:102AF00006480460BDE8F081600000204C00002022
:102B0000680E002054000020500000207C000020AF
:102B100010B5044600F098FE24480068401C234984
:102B200008602348006840B92148046008460068EE
:102B300001280DD100F018FA0AE01E48006838B9E3
:102B40001B480068C06AE16A884201D818480460DE
:102B500019480068401C184908600846006860640D
:102B60001649E06A0968884202D91449E06A086097
:102B7000E16A01EB8101124A02EB8100211D00F0A4
:102B800056FE00F08BFE0B48006868B108480068EC
:102B9000C06AE16A884207D24FF080500949086054
:102BA000BFF34F8FBFF36F8F10BD00005C0000209C
:102BB0004C00002068000020780000206400002005
:102BC000B809002004ED00E008B500F03DFE124811
:102BD0000068E8B9114800F000FE114800F0FDFD62
:102BE0000E48104908600E480F49086000200F4B3E
:102BF0000F4A102100900A2001F05EFB0649086090
:102C00000846006820B10BA10348006800F006FFE9
:102C100000F044FE08BD0000900000207C0E002063
:102C2000900E0020880000208C000020A40E0020C0
:102C3000F40E0020546D72510000000010B516E033
:102C400000F002FE0C48C068C468201D00F098FD2A
:102C50000A480068401E0949086009480068401E8B
:102C60000749086000F01AFE204600F05FF80448AB
:102C700000680028E4D110BD540E00205C00002044
:102C80005800002070B504460D46206C70B1216CD0
:102C9000E0680144E160D4E90210884201D3216870
:102CA000E1602846226CE168F9F7BAFA70BD2DE9B7
:102CB000F04104460F4615464FF00008A66B206C05
:102CC00048B9206800282CD1A06802F091F880460D
:102CD0000020A06025E07DB93946226C6068F9F7D4
:102CE0009FFA216C606808446060D4E90101884261
:102CF00017D32068606014E03946226CE068F9F769
:102D00008FFA216CE068411AE1602168E06888422E
:102D100003D2216CA068411AE160022D01D106B1F5
:102D2000761E701CA0634046BDE8F08110B50446D5
:102D300094F8590030B9206B00F0CEFD204600F029
:102D4000CBFD1AE094F85900012803D1204600F089
:102D5000C3FD12E094F85900022801D1012000E0DF
:102D6000002050B900BF502080F31188BFF34F8F6F
:102D7000BFF36F8F00BF00BFFEE710BD01464A6A78
:102D800022B10A6B1268C2F1380000E000207047DF
:102D90000146084A126812680AB9012200E00022BE
:102DA0000A600A6822B9034A1268D268106800E013
:102DB000002070478800002030B54FF4FA531748C0
:102DC00000F007042CB1C01D20F00700134C041BB9
:102DD0001B1B0246124C22600024114D6C60D0185F
:102DE000083820F007000F4C206000240D4D2D689E
:102DF0006C600C4D2D682C601146441A4C60094CD7
:102E000024680C60084D4C682C60084D4C682C60A0
:102E10004FF00044064D2C6030BD00004C160020E1
:102E2000A0000020A8000020B0000020AC0000207E
:102E3000BC00002000BFFFF701FF07480068012821
:102E400007D94FF0805005490860BFF34F8FBFF39B
:102E50006F8F00F0C1FCEEE7B809002004ED00E040
:102E600010B5044654B10020A06020600021E1604C
:102E700000231A461946204601F0DAFA10BD2DE962
:102E8000F04106460D4617469846069C0DB924604B
:102E900000E02760E66325640121204601F07CFA0A
:102EA00084F84C80BDE8F0812DE9F05F82460E4643
:102EB00090469B460A9F0C9C4FEA8801A522206BF6
:102EC000F9F7C0F9A8F10100216B01EB800929F0A5
:102ED000070909F0070008B9012000E0002050B9F7
:102EE00000BF502080F31188BFF34F8FBFF36F8F67
:102EF00000BF00BFFEE786B1002507E0715D04F169
:102F000034004155705D00B902E06D1C102DF5D301
:102F100000BF00214320015502E0002084F8340066
:102F2000382F00D33727E762E76400202065201D93
:102F300000F060FC04F1180000F05CFC2461C7F1B3
:102F40003800A06164620020606584F858005A4629
:102F50005146484600F082FB20600B9808B10B9860
:102F60000460BDE8F09F000010B5002407E004EB0A
:102F700084010F4A02EB810000F02FFC641C382C06
:102F8000F5D30C4800F029FC0B4800F026FC0B4858
:102F900000F023FC0A4800F020FC0A4800F01DFC69
:102FA00004480949086004480849086010BD000049
:102FB000B8090020180E00202C0E0020400E002022
:102FC000540E0020680E0020500000205400002005
:102FD00010B50146164800E0006803688B42FBD339
:102FE0000246436813448B4204D143684C6823442F
:102FF000436001460A464B6813440468A34211D15A
:103000000C4C03682468A34208D04B6804686468C9
:1030100023444B6003681B680B6005E0054B1B688D
:103020000B6001E003680B60884200D0016010BDB6
:10303000A0000020A80000202DE9F04104460D4624
:1030400016461F464FF0000865602461B5420CD853
:10305000F01BA169884202D34FF0010811E0211D45
:103060000948006800F0C9FB0BE0BE4204D2BD4233
:1030700002D34FF0010804E0211D0448006800F06D
:10308000BCFB4046BDE8F0818C0000208800002099
:1030900070B5054600F0D8FBA86B08B9012400E024
:1030A000002400F0FBFB204670BD70B5054600F023
:1030B000CBFBA86BE96B884201D1012400E000241E
:1030C00000F0ECFB204670BDF8B505460F461A48E7
:1030D0000068C068C468201D00F052FB94F8280006
:1030E00000F00400E8B1A06941192B463A46204699
:1030F000FFF7A2FFD8B1002003462A460146009000
:10310000204602F023F8064656B900BF502080F34F
:103110001188BFF34F8FBFF36F8F00BF00BFFEE773
:1031200005E094F8280020F0010084F828002046EB
:10313000216A8847F8BD000088000020F0B587B0FC
:10314000A0E00398002811DA04AE56B900BF502061
:1031500080F31188BFF34F8FBFF36F8F00BF00BFA5
:10316000FEE7D6E90020B168904700BF0398002829
:10317000E6DB059C606908B9012000E0002010B979
:10318000201D00F0FDFA02A800F0DEF805460398C5
:103190000A2875D2DFE800F00905073941630608FF
:1031A0003A4200BF00BF00BF00BF94F8280040F0C3
:1031B000010084F828000498A269811803462A4671
:1031C0002046FFF739FFF8B12046216A884794F876
:1031D000280000F00400B8B1002000900498A16914
:1031E000421800231946204601F0B0FF074657B9A0
:1031F00000BF502080F31188BFF34F8FBFF36F8F54
:1032000000BF00BFFEE700BF3BE000BF94F828000E
:1032100020F0010084F8280033E000BF94F8280073
:1032200040F0010084F828000498A061A06908B16A
:10323000012000E0002050B900BF502080F3118829
:10324000BFF34F8FBFF36F8F00BF00BFFEE7A069D2
:1032500041192B462A462046FFF7EEFE11E094F86E
:10326000280000F0020018B9204600F035FB05E008
:1032700094F8280020F0010084F8280001E0FFE71E
:1032800000BF00BF002203A90448006801F092FAC1
:1032900000287FF456AF07B0F0BD0000900000207A
:1032A000F8B505460C4600F073FE684600F04CF891
:1032B0000646009820BB44B9B54206D801F088FE06
:1032C00031462846FFF700FF1CE03CB10E4800687D
:1032D000006808B9012000E000200446A91B22462E
:1032E0000A48006800F0B0FB01F072FE50B94FF0E0
:1032F000805007490860BFF34F8FBFF36F8F01E025
:1033000001F066FEF8BD00008C0000209000002057
:1033100004ED00E00A490968096809B9012100E0E3
:10332000002121B14FF0FF31064A116006E0044947
:103330000968C968C868034A41681160704700009D
:10334000500000207C00002070B5044601F0A8FC6D
:10335000054607480068854204D200F00BF80120BA
:10336000206001E00020206001480560284670BD13
:10337000980000202DE9F84334E025480068C06833
:10338000056823480068C068C468201D00F0F8F98B
:103390002046216A884794F8280000F0040008B30A
:1033A000A0694619AE4207D966602461211D1848FC
:1033B000006800F022FA15E0002003462A46014684
:1033C0000090204601F0C2FE074657B900BF5020CA
:1033D00080F31188BFF34F8FBFF36F8F00BF00BF23
:1033E000FEE700BF0A480068006808B9012000E055
:1033F00000200028C1D00648D0F8008005480068A9
:10340000034908600348C0F80080BDE8F883000065
:10341000880000208C0000200E480068401C08B97D
:10342000012000E0002050B900BF502080F3118837
:10343000BFF34F8FBFF36F8F00BF00BFFEE700BF2A
:10344000502080F31188BFF34F8FBFF36F8F00BF01
:1034500000BFFEE7C000002008B500BF6846FFF7C8
:1034600097FC044620460099FFF71AFFFFF766FE17
:10347000F4E770B5044600F0E7F994F9455010E020
:10348000606A08B9012000E0002038B904F1240086
:1034900001F052FD18B100F09BFB00E003E0681E54
:1034A00045B2002DECDC00BFFF2084F8450000F0A1
:1034B000F5F900F0C9F994F9445010E0206908B911
:1034C000012000E0002048B904F1100001F034FDB3
:1034D00008B100F07DFB681E45B200E001E0002D60
:1034E000ECDC00BFFF2084F8440000F0D7F970BD89
:1034F0002DE9F04104464FF0000800F049FD49482D
:10350000006808B9FFF758FC4748006820400028C9
:1035100070D1D4B1083404F00700B0B104F0070052
:10352000C0F10800044404F0070008B9012000E0DD
:10353000002050B900BF502080F31188BFF34F8F97
:10354000BFF36F8F00BF00BFFEE7002C52D037489B
:10355000006884424ED8364E3046056801E02E465B
:103560002D686868A04202D228680028F7D12D484B
:10357000006885423ED0306800F108082868306055
:103580006868001B102819D92F1907F0070008B91F
:10359000012000E0002050B900BF502080F31188C6
:1035A000BFF34F8FBFF36F8F00BF00BFFEE76868A8
:1035B000001B78606C603846FFF70AFD1B4968689D
:1035C0000968081A19490860084600681949096815
:1035D000884203D215480068164908601249686895
:1035E0000968084368600020286013480068401C90
:1035F0001149086001F0ECFC08F0070008B901204F
:1036000000E0002050B900BF502080F31188BFF3C4
:103610004F8FBFF36F8F00BF00BFFEE74046BDE88E
:10362000F0810000A8000020BC000020AC000020B9
:10363000A0000020B0000020B40000200648006870
:1036400030B10549096801F15000096D491C01605C
:1036500001480068704700004C000020001F4FF038
:1036600080730360001F21F001030360001F034B00
:1036700003601438026020387047000019340108D4
:1036800070B504460D4629462046FCF76FFE70BD16
:1036900070B504460D461646324629462046FCF7CC
:1036A0008DFE70BD70B504460D461646324629465D
:1036B0002046FCF7F5FD70BD70B504460D46164674
:1036C000324629462046FCF7CFFE70BD10B50124D6
:1036D00005E021460020FFF7D3FF601CC4B21E2C7A
:1036E000F7DD10BD70B504460D4616463246294634
:1036F0002046FFF7CDFF70BD08B5002000900120E7
:103700008DF800005A208DF801006B208DF8020022
:10371000032269461020FFF7C5FF08BD70B50446B7
:103720000D461646324629462046FFF7C5FF70BDB6
:103730007CB504460D4600210846FFF7A1FF002096
:1037400000900190E0B28DF80000200A8DF8010091
:10375000200C8DF80200200E8DF80300E8B28DF8E1
:103760000400280A8DF80500280C8DF80600280EA4
:103770008DF80700082269460020FFF79DFF7CBDF9
:1037800001460A69D1E901309860D1E90103586026
:103790005068884201D18868506000200861106834
:1037A000401E106010687047034B0360034B0B60B2
:1037B0008023136070470000940F0020F00F00205A
:1037C000034B0360034B0B604FF48073136070472F
:1037D000F01100204C120020704700F108014160F8
:1037E0004FF0FF31816000F10801C16001610021EB
:1037F0000160704700210161704710B502460B68F7
:103800005C1C0CB9106907E002F1080000E0406898
:10381000446824689C42FAD944684C604C68A160B2
:10382000886041600A611468641C146010BD4268BD
:103830004A6093688B60936859609160086103687F
:103840005B1C03607047000000BF502080F31188AC
:10385000BFF34F8FBFF36F8F00BF0E480068401C4F
:103860000C49086008460068012812D10A4800681F
:10387000C0B208B9012000E0002050B900BF5020BC
:1038800080F31188BFF34F8FBFF36F8F00BF00BF6E
:10389000FEE77047C000002004ED00E00D4800681E
:1038A00050B900BF502080F31188BFF34F8FBFF392
:1038B0006F8F00BF00BFFEE706480068401E054945
:1038C00008600846006820B9002080F3118800BF16
:1038D00000BF7047C000002070B506463546002E78
:1038E00044D0083D2C46224960680968084008B168
:1038F000012000E0002050B900BF502080F3118863
:10390000BFF34F8FBFF36F8F00BF00BFFEE720688C
:1039100008B9012000E0002050B900BF502080F31A
:103920001188BFF34F8FBFF36F8F00BF00BFFEE75B
:103930000F49606809680840C0B12068B0B90C49F7
:10394000606809688843606000F022FB094960688C
:1039500009680844074908602046FFF739FB064814
:103960000068401C0449086001F032FB70BD000093
:10397000BC000020AC000020B800002000204FF068
:10398000E02108618861064800684FF47A71B0FB55
:10399000F1F0401E4FF0E0214861072008617047B8
:1039A0004800002070B5F8F715FC0446102C16D31B
:1039B00004F1E02090F8F05315480078854201DBCF
:1039C000012000E0002050B900BF502080F3118892
:1039D000BFF34F8FBFF36F8F00BF00BFFEE70D48EF
:1039E000006800F4E0600C490968884201D80120B1
:1039F00000E0002050B900BF502080F31188BFF3D1
:103A00004F8FBFF36F8F00BF00BFFEE770BD000098
:103A1000C40000200CED00E0C80000200246002099
:103A20000BE0084B53F8303033B9064B43F83010F5
:103A300003EBC0035A6002E0401C0828F1D300BF2A
:103A400070470000780900202DE9F04105460E4638
:103A500017462C46FFF7F8FE94F94400401C10B9B5
:103A6000002084F8440094F94500401C10B900205F
:103A700084F84500FFF712FFA06B28B93A4631469B
:103A800004F1240000F03CF92046FFF7F2FCBDE809
:103A9000F081000070B504460025D4B112480068DA
:103AA00008B9012000E0002050B900BF502080F389
:103AB0001188BFF34F8FBFF36F8F00BF00BFFEE7CA
:103AC00000F066FA00212046FEF7E4FF01F080FADC
:103AD00005463DB94FF0805004490860BFF34F8F51
:103AE000BFF36F8F70BD00008400002004ED00E084
:103AF00070B50546FFF7A8FE15B92748006800E035
:103B000028460446201DFFF73BFEA06A18B104F1C9
:103B10001800FFF735FE21480068401C1F49086067
:103B20001D480068844209D1211D1D48FFF77FFE12
:103B30001C480068401C1B49086009E01A480068DE
:103B4000401E194908602046FFF7F0F8FFF7E2FB36
:103B5000FFF7A4FE15480068E8B10F4800688442EA
:103B600019D11348006808B9012000E0002050B9BD
:103B700000BF502080F31188BFF34F8FBFF36F8FCA
:103B800000BF00BFFEE74FF080500A490860BFF356
:103B90004F8FBFF36F8F70BD4C0000207800002066
:103BA000540E0020580000205C0000206800002017
:103BB0008400002004ED00E0034909680160034926
:103BC0000968416070470000740000206000002018
:103BD0000120014908607047700000202DE9F04184
:103BE00005460F4655B900BF502080F31188BFF33A
:103BF0004F8FBFF36F8F00BF00BFFEE7FFF7D2FE0E
:103C00002C4600BF5021EFF3118081F31188BFF3E0
:103C10004F8FBFF36F8F00BF064694F85880022085
:103C200084F85800606D401C6065B8F1010F39D10F
:103C3000A06A08B9012000E0002050B900BF502060
:103C400080F31188BFF34F8FBFF36F8F00BF00BFAA
:103C5000FEE717480068A0B9201DFFF791FD154940
:103C6000E06A0968884202D91249E06A0860E16A9C
:103C700001EB8101104A02EB8100211DFFF7D7FD06
:103C800004E004F118010D48FFF7D1FD0C49E06A8A
:103C90000968C96A884205D90FB10120386001203E
:103CA0000849086000BF86F3118800BFBDE8F081B5
:103CB0008400002064000020B8090020400E00208D
:103CC0004C0000207000002070B504460D4654B929
:103CD00000BF502080F31188BFF34F8FBFF36F8F69
:103CE00000BF00BFFEE70548016818312046FFF716
:103CF00084FD01212846FEF7CDFE70BD4C0000205A
:103D000070B505460E46144655B900BF502080F3E5
:103D10001188BFF34F8FBFF36F8F00BF00BFFEE767
:103D20000648016818312846FFF781FD0CB14FF0B5
:103D3000FF3621463046FEF7ADFE70BD4C00002038
:103D40002DE9F04706460F4634464FF00109002E94
:103D500055D0206D50B900BF502080F31188BFF3BB
:103D60004F8FBFF36F8F00BF00BFFEE7E06CB8421C
:103D700001D23D4600E0E56CE06AA8423FD0206DEC
:103D800001283CD11F480068844201D0012000E096
:103D9000002050B900BF502080F31188BFF34F8F2F
:103DA000BFF36F8F00BF00BFFEE7D4F82C80E56241
:103DB000A06900F0004010B9C5F13800A06108EB1F
:103DC0008801114A02EB81016069884201D101201A
:103DD00000E0002098B1201DFFF7D2FC0B49E06AFB
:103DE0000968884202D90949E06A0860E16A01EB82
:103DF0008101054A02EB8100211DFFF718FDBDE896
:103E0000F08700004C000020B8090020640000206A
:103E100010B586B000200590049003AA04A905A857
:103E2000FFF7C2FC0022DDE904101346CDE90021B2
:103E300002901EA11F48039A00F0C4FE1E490860AC
:103E40000846006808B1012400E00024012C02D1DA
:103E500001F040F90446012C15D100BF502080F339
:103E60001188BFF34F8FBFF36F8F00BF4FF0FF304C
:103E700012490860012012490860002011490860B9
:103E800000F046F910E0601C08B1012000E00020BD
:103E900050B900BF502080F31188BFF34F8FBFF39C
:103EA0006F8F00BF00BFFEE706B010BD49444C4510
:103EB00000000000352E0108800000207C0000205A
:103EC000680000206000002070B50546FFF7BCFCCC
:103ED00015B92948006800E028460446201DFFF770
:103EE0004FFCA06A18B104F11800FFF749FC211D2E
:103EF0002248FFF79CFC94F85800012802D10020CA
:103F000084F85800FFF7CAFC1D48006828B1FFF785
:103F10009BFCFFF7FFF9FFF7C1FC174800688442DC
:103F200029D117480068D0B11648006808B90120A7
:103F300000E0002050B900BF502080F31188BFF38B
:103F40004F8FBFF36F8F00BF00BFFEE74FF0805071
:103F50000D490860BFF34F8FBFF36F8F0BE0074829
:103F600000680A490968884203D1002002490860B4
:103F700001E000F015F870BD4C000020680E002034
:103F8000680000208400002004ED00E05C000020B8
:103F900002480068401C0149086070478400002006
:103FA0001E48006818B101201D49086034E0002057
:103FB0001B4908601B4801680CE051B900BF502044
:103FC00080F31188BFF34F8FBFF36F8F00BF00BF27
:103FD000FEE7491E01EB8100134A52F8200008B9A0
:103FE000012000E000200028E7D101EB81020E4B08
:103FF00003EB820042685268426000F108024368A5
:10400000934202D14268526842604268D268074BCC
:104010001A600448016000BF70470000840000205F
:104020007000002064000020B80900204C0000202F
:104030001CB540F27F7440F2BF7533A00068019058
:10404000002000905FE000BF4FF0FF3269462F482C
:10405000006800F0AFFB0128F6D19DF800008DF854
:1040600006009DF80600012800D100E000209DF820
:104070000610022901D1012100E0002108439DF82A
:104080000610032901D1012100E0002108439DF819
:104090000610042901D1012100E0002108439DF808
:1040A0000610052901D1012100E0002108439DF8F7
:1040B0000610062901D1012100E00021084348B182
:1040C00001A8F8F7E3F8C6B2324601A92046F8F78E
:1040D0003BFC18E09DF80600072801D1012000E014
:1040E00000209DF80610082901D1012100E00021DF
:1040F000084340B101A8F8F7C9F8C6B2324601A991
:104100002846F8F721FC9EE7AA11000024000020B1
:104110001CB53849084600780190FF200A46107007
:104120000846007800909DF8000000F0F0009DF82F
:104130000020904201D1012000E0002050B900BFD2
:10414000502080F31188BFF34F8FBFF36F8F00BFF4
:1041500000BFFEE79DF8000000F05000264A1070F6
:104160000720264A106009E024480068401E234AC0
:1041700010609DF800004006000E00909DF80000C1
:1041800000F080008028EFD01C480068C0F10700D4
:10419000042801D1012000E0002050B900BF5020C8
:1041A00080F31188BFF34F8FBFF36F8F00BF00BF45
:1041B000FEE7124800680002104A106010460088AE
:1041C00000F4E06010600B4A019810700C48006821
:1041D00040F470000A4908600846006840F07040EA
:1041E0000860FFF7CBFB002006490860F7F7BCFF2B
:1041F00000201CBD00E400E0C4000020C800002036
:1042000020ED00E0C000002010B500BF502080F37A
:104210001188BFF34F8FBFF36F8F00BF00F046FDD3
:1042200018B14FF080500449086000BF002080F3AF
:10423000118800BF10BD000004ED00E02DE9F04141
:1042400004460126002722460021012000F007F83D
:1042500005462846FEF704FE2846BDE8F0812DE914
:10426000F84305460E4617460DB1012000E0002038
:1042700050B900BF502080F31188BFF34F8FBFF3B8
:104280006F8F00BF00BFFEE705FB06F808F1500086
:10429000FFF72EF9044664B1A14609F15009002048
:1042A00084F846003B464A46314628460094FEF7CD
:1042B000E6FD2046BDE8F8832DE9F84380460E462A
:1042C00017461D46DDF82090B8F1000F01D00120FF
:1042D00000E0002050B900BF502080F31188BFF3E8
:1042E0004F8FBFF36F8F00BF00BFFEE70DB10120FE
:1042F00000E0002050B900BF502080F31188BFF3C8
:104300004F8FBFF36F8F00BF00BFFEE707B10EB145
:10431000012000E0002050B900BF502080F3118838
:10432000BFF34F8FBFF36F8F00BF00BFFEE707B92A
:104330000EB9012000E0002050B900BF502080F3EA
:104340001188BFF34F8FBFF36F8F00BF00BFFEE731
:10435000502000900098502801D1012000E000205A
:1043600050B900BF502080F31188BFF34F8FBFF3C7
:104370006F8F00BF00BFFEE700BF2C464CB101208D
:1043800084F846004B463A46314640460094FEF7D4
:1043900076FD2046BDE8F88370B505460E462C46EE
:1043A00054B900BF502080F31188BFF34F8FBFF383
:1043B0006F8F00BF00BFFEE7FFF746FAD4E90F1288
:1043C000206801FB0200A0600020A06320686060FC
:1043D000E06B401E226C216800FB0211E160FF20AF
:1043E00084F8440084F845009EB9206908B901208A
:1043F00000E00020A8B904F1100000F09DFD80B19C
:104400004FF0805009490860BFF34F8FBFF36F8FA3
:1044100007E004F11000FFF7E0F904F12400FFF7D2
:10442000DCF9FFF73BFA012070BD000004ED00E06D
:104430002DE9FF4383B0064688461D464FF000092C
:10444000344654B900BF502080F31188BFF34F8F1A
:10445000BFF36F8F00BF00BFFEE7B8F1000F01D1BF
:10446000206C08B9012000E0002050B900BF5020A6
:1044700080F31188BFF34F8FBFF36F8F00BF00BF72
:10448000FEE7022D02D1E06B012801D1012000E0FE
:10449000002050B900BF502080F31188BFF34F8F28
:1044A000BFF36F8F00BF00BFFEE700F0E9FB08B964
:1044B000059808B9012000E0002050B900BF502045
:1044C00080F31188BFF34F8FBFF36F8F00BF00BF22
:1044D000FEE700BFFFF7B8F9A06BE16B884201D39C
:1044E000022D28D12A4641462046FEF7E0FB07462A
:1044F000606A08B9012000E0002068B904F12400D6
:1045000000F01AFD88B14FF0805032490860BFF3C7
:104510004F8FBFF36F8F08E03FB14FF080502D49B0
:104520000860BFF34F8FBFF36F8FFFF7B7F901201C
:1045300007B0BDE8F083059818B9FFF7AFF9002080
:10454000F6E7B9F1000F04D101A8FFF735FB4FF0F2
:104550000109FFF7A3F9FFF71BFDFFF775F994F9C0
:104560004400401C10B9002084F8440094F9450030
:10457000401C10B9002084F84500FFF78FF905A909
:1045800001A800F0A7FAF0B92046FEF78EFDA0B111
:1045900004F110000599FFF797FB2046FEF769FF2D
:1045A00000F016FD002895D14FF0805009490860B1
:1045B000BFF34F8FBFF36F8F8CE72046FEF759FF95
:1045C00000F006FD86E72046FEF753FF00F000FDF1
:1045D0000020ADE704ED00E02DE9F84F07468A46DC
:1045E00090461E463C4654B900BF502080F31188C7
:1045F000BFF34F8FBFF36F8F00BF00BFFEE7BAF16D
:10460000000F01D1206C08B9012000E0002050B952
:1046100000BF502080F31188BFF34F8FBFF36F8F1F
:1046200000BF00BFFEE7022E02D1E06B012801D1DE
:10463000012000E0002050B900BF502080F3118815
:10464000BFF34F8FBFF36F8F00BF00BFFEE7FFF7D1
:10465000A9F900BF5021EFF3118081F31188BFF356
:104660004F8FBFF36F8F00BF0546A06BE16B884291
:1046700001D3022E25D194F945B0A06B00903246AB
:1046800051462046FEF713FB0BF1010088B9606A22
:1046900008B9012000E0002050B904F1240000F026
:1046A0004BFC28B1B8F1000F02D00120C8F800007F
:1046B00004E00BF1010040B284F845004FF001091D
:1046C00001E04FF0000900BF85F3118800BF4846A4
:1046D000BDE8F88F2DE9F04706460F46344654B939
:1046E00000BF502080F31188BFF34F8FBFF36F8F4F
:1046F00000BF00BFFEE7206C08B9012000E00020E9
:1047000050B900BF502080F31188BFF34F8FBFF323
:104710006F8F00BF00BFFEE7206808B9A06808B926
:10472000012000E0002050B900BF502080F3118824
:10473000BFF34F8FBFF36F8F00BF00BFFEE7FFF7E0
:1047400031F900BF5021EFF3118081F31188BFF3DD
:104750004F8FBFF36F8F00BF0546D4F83890E06BE2
:1047600048451ED994F945A009F10100A0630AF15A
:10477000010070B9606A08B9012000E0002068B942
:1047800004F1240000F0D8FB40B13FB101203860B3
:1047900004E00AF1010040B284F845004FF001083E
:1047A00001E04FF0000800BF85F3118800BF4046CC
:1047B000BDE8F0872DE9F74183B005460E464FF07E
:1047C00000082C4654B900BF502080F31188BFF375
:1047D0004F8FBFF36F8F00BF00BFFEE70EB9206C95
:1047E00008B9012000E0002050B900BF502080F33C
:1047F0001188BFF34F8FBFF36F8F00BF00BFFEE77D
:1048000000F03EFA08B9059808B9012000E0002040
:1048100050B900BF502080F31188BFF34F8FBFF312
:104820006F8F00BF00BFFEE700BFFFF70DF8A76B5B
:10483000F7B131462046FEF725FA781EA0632069BD
:1048400008B9012000E0002060B904F1100000F078
:1048500073FB38B14FF080502F490860BFF34F8F82
:10486000BFF36F8FFFF71AF8012006B0BDE8F081A3
:10487000059818B9FFF712F80020F6E7B8F1000F15
:1048800004D101A8FFF798F94FF00108FFF706F8E7
:10489000FFF77EFBFEF7D8FF94F94400401C10B9E7
:1048A000002084F8440094F94500401C10B9002011
:1048B00084F84500FEF7F2FF05A901A800F00AF907
:1048C000F0B92046FEF7E4FBA0B104F124000599FD
:1048D000FFF7FAF92046FEF7CCFD00F079FB00283F
:1048E000A3D14FF080500C490860BFF34F8FBFF346
:1048F0006F8F9AE72046FEF7BCFD00F069FB94E756
:104900002046FEF7B6FD00F063FB2046FEF7C0FB35
:1049100000288AD00020A8E704ED00E02DE9F3414B
:1049200082B005464FF000082C46002654B900BF5F
:10493000502080F31188BFF34F8FBFF36F8F00BFFC
:1049400000BFFEE7206C08B9012000E0002050B94C
:1049500000BF502080F31188BFF34F8FBFF36F8FDC
:1049600000BF00BFFEE700F08BF908B9039808B953
:10497000012000E0002050B900BF502080F31188D2
:10498000BFF34F8FBFF36F8F00BF00BFFEE700BFC5
:10499000FEF75AFFA76BFFB1781EA063206810B91D
:1049A000FEF74CFEA060206908B9012000E000205D
:1049B00060B904F1100000F0BFFA38B14FF0805038
:1049C00043490860BFF34F8FBFF36F8FFEF766FF59
:1049D000012004B0BDE8F081039898B90EB9012018
:1049E00000E0002050B900BF502080F31188BFF3D1
:1049F0004F8FBFF36F8F00BF00BFFEE7FEF74EFF84
:104A00000020E6E7B8F1000F04D16846FFF7D4F8BC
:104A10004FF00108FEF742FFFFF7BAFAFEF714FF66
:104A200094F94400401C10B9002084F8440094F923
:104A30004500401C10B9002084F84500FEF72EFF09
:104A400003A9684600F046F840BB2046FEF720FB6D
:104A5000F0B1206838B9FEF7F7FEA06800F01AFA46
:104A60000646FEF71BFF04F124000399FFF72CF91B
:104A70002046FEF7FEFC00F0ABFA002888D14FF08C
:104A8000805013490860BFF34F8FBFF36F8F7FE7EC
:104A90002046FEF7EEFC00F09BFA79E72046FEF791
:104AA000E8FC00F095FA2046FEF7F2FA0028EED076
:104AB0005EB1FEF7C9FE2046FEF760F907463946AB
:104AC000A068FFF73DF9FEF7E9FE002081E700004E
:104AD00004ED00E070B505460C4655B900BF502006
:104AE00080F31188BFF34F8FBFF36F8F00BF00BFFC
:104AF000FEE754B900BF502080F31188BFF34F8FF9
:104B0000BFF36F8F00BF00BFFEE7FEF79DFE1248A8
:104B100002686868131A2068401C08B9002617E06C
:104B20000E4928680968884204D06868904201D814
:104B300001260DE02068984207D92068C01A20603D
:104B40002846FFF739F8002602E000202060012601
:104B5000FEF7A4FE304670BD600000207400002007
:104B60002DE9FF4F85B0804689461746DDE912AB37
:104B7000B800FEF7BDFC064656B15C20FEF7B8FC57
:104B800004460CB1266304E03046FEF7A5FE00E0C3
:104B900000248CB1002084F85900CDE900ABCDE9A8
:104BA00002403A4649464046089BFEF77DF92046BA
:104BB000FDF7AEFF012501E04FF0FF35284609B0B3
:104BC000BDE8F08F2DE9F04F85B007468846914645
:104BD0009A46DDE90EB6109C0EB1012000E00020DF
:104BE00050B900BF502080F31188BFF34F8FBFF33F
:104BF0006F8F00BF00BFFEE70CB1012000E0002076
:104C000050B900BF502080F31188BFF34F8FBFF31E
:104C10006F8F00BF00BFFEE75C20039003985C2805
:104C200001D1012000E0002050B900BF502080F3E6
:104C30001188BFF34F8FBFF36F8F00BF00BFFEE738
:104C400000BFB4B1AEB125462C462E63022085F8D4
:104C50005900002004A953464A46CDE900B1CDE9E8
:104C6000025041463846FEF71FF92846FDF750FF2F
:104C700001E000200490049805B0BDE8F08F00002A
:104C80000549096809B9012005E00449096809B91D
:104C9000022000E00020704768000020840000200F
:104CA0000149086870470000600000202DE9F041CC
:104CB0004FF000084348006800287BD14248006854
:104CC000451C4148056015BB40480068006808B9AC
:104CD000012000E0002050B900BF502080F311886F
:104CE000BFF34F8FBFF36F8F00BF00BFFEE73748A2
:104CF0000768374800683549086035480760354817
:104D00000068401C33490860FEF704FB00BF3248CE
:104D1000006885423BD300BF2C480068006808B992
:104D2000012000E0002020B14FF0FF302A49086048
:104D30002CE026480068C068C4686668B54202D2A4
:104D40002548066022E0201DFEF71AFDA06A18B172
:104D500004F11800FEF714FD2049E06A0968884252
:104D600002D91E49E06A0860E16A01EB81011C4A30
:104D700002EB8100211DFEF75AFD1A49E06A09681D
:104D8000C96A8842C8D34FF00108C5E700BF15487B
:104D90000068C06A00EB8000114951F8200001282A
:104DA00001D94FF001081048006808B14FF0010820
:104DB00005E0FFE70D480068401C0C4908604046CC
:104DC000BDE8F08184000020600000205000002039
:104DD00054000020740000207C00002064000020AB
:104DE000B80900204C000020700000206C0000205A
:104DF00070B505462C460026002D43D02248006899
:104E0000844201D1012000E0002050B900BF5020B1
:104E100080F31188BFF34F8FBFF36F8F00BF00BFC8
:104E2000FEE7206D50B900BF502080F31188BFF31A
:104E30004F8FBFF36F8F00BF00BFFEE7206D401E96
:104E40002065E16CE06A88421CD0206DD0B9201D3D
:104E5000FEF796FCE06CE062E06AC0F13800A06109
:104E60000A49E06A0968884202D90849E06A08608C
:104E7000E16A01EB8101064A02EB8100211DFEF788
:104E8000D6FC0126304670BD4C0000206400002096
:104E9000B809002070B505462C460026002D42D0EA
:104EA0002249E06A0968C96A884235D2A06900F0DF
:104EB000004028B91D480068C06AC0F13800A061F0
:104EC000E16A01EB81011A4A02EB810160698842C3
:104ED00001D1012000E00020C0B1201DFEF750FCF0
:104EE00012480068C06AE0621249E06A09688842B4
:104EF00002D91049E06A0860E16A01EB81010C4ABD
:104F000002EB8100211DFEF792FC03E007480068D8
:104F1000C06AE062012606E00449E06C0968C96ADB
:104F2000884200D20126304670BD00004C000020AF
:104F3000B80900206400002070B50646F068C46817
:104F400054B900BF502080F31188BFF34F8FBFF3D7
:104F50006F8F00BF00BFFEE704F11800FEF710FCE2
:104F600015480068A0B9201DFEF70AFC1349E06A45
:104F70000968884202D91149E06A0860E16A01EBD8
:104F800081010F4A02EB8100211DFEF750FC04E075
:104F900004F118010B48FEF74AFC0B49E06A096866
:104FA000C96A884204D9012501200849086000E047
:104FB0000025284670BD0000840000206400002009
:104FC000B8090020400E00204C0000207000002096
:104FD00070B5002400263648006850B900BF502044
:104FE00080F31188BFF34F8FBFF36F8F00BF00BFF7
:104FF000FEE7FEF729FC2E480068401E2C49086099
:105000000846006800284ED12A48006800284AD087
:1050100023E02948C068C46804F11800FEF7B0FB1B
:10502000201DFEF7ADFB2549E06A0968884202D9D8
:105030002249E06A0860E16A01EB8101204A02EB43
:105040008100211DFEF7F3FB1E49E06A0968C96A69
:10505000884202D301201C4908601748006808B93B
:10506000012000E000200028D3D00CB1FEF752F957
:105070001648056865B100BFFFF718FE10B10120A2
:10508000114908606D1E002DF6D100200F490860FF
:105090000D48006838B1012630070D490860BFF39C
:1050A0004F8FBFF36F8FFEF7F9FB304670BD0000E6
:1050B000840000205C000020400E002064000020DE
:1050C000B80900204C000020700000206C00002077
:1050D00004ED00E010B586B00024FDF775FD16481C
:1050E0000068D0B100200590049003AA04A905A887
:1050F000FEF766FB0222DDE904100023CDE9002162
:1051000002900EA10F48039AFFF75CFD0E4908605C
:105110000846006800B1012400BF54B900BF502008
:1051200080F31188BFF34F8FBFF36F8F00BF00BFB5
:10513000FEE7204606B010BD90000020546D72209E
:105140005376630059340108940000202DE9FF478D
:1051500004460D4616461F46DDF830804FF0000924
:1051600054B900BF502080F31188BFF34F8FBFF3B5
:105170006F8F00BF00BFFEE71448006810B30095B2
:1051800001960294062D15DAFFF77AFD022808D160
:105190000023424669460D480068FFF749F98146F9
:1051A00010E000231A46694608480068FFF740F9F6
:1051B000814607E000233A46694604480068FFF745
:1051C0000BFA8146484604B0BDE8F0879000002005
:1051D000A85C0108000000000000000000000000C2
:1051E00000000000000200001800000000000000A5
:1051F000000000004D515454536D6172745F68613A
:105200006E646C65720002030405060708090A0B48
:105210000C0D0E0F10100102000000000000000035
:10522000010203040607080900000000010203044C
:10523000000000000000000000000000000000006E
:10524000000000F800000000000000333000000003
:1052500000160E00160E0000000000000000000006
:1052600040C07840C0784000043F04043F0404007C
:10527000007088FC08300000001820FF211E00008C
:10528000F008F000E018000000211C031E211E00A1
:1052900000F00888700000001E2123241927211027
:1052A000000000160E0000000000000000000000DA
:1052B000000000E018040200000000071820400071
:1052C00000020418E0000000004020180700000061
:1052D000404080F0804040000202010F01020200C5
:1052E000000000F0000000000101011F01010100A9
:1052F000000000000000000000B07000000000008E
:105300000000000000000000000101010101010196
:10531000000000000000000000303000000000002D
:105320000000000080601804006018060100000002
:1053300000E010080810E000000F102020100F00FF
:10534000001010F8000000000020203F2020000086
:1053500000700808088870000030282422213000DE
:1053600000300888884830000018202020110E00E6
:105370000000C02010F8000000070424243F24008F
:1053800000F80888880808000019212020110E0064
:1053900000E0108888180000000F112020110E0076
:1053A00000380808C83808000000003F000000006E
:1053B0000070880808887000001C222121221C002F
:1053C00000E010080810E0000000312222110F0058
:1053D000000000C0C00000000000003030000000ED
:1053E000000000C0C0000000000080B0700000009D
:1053F0000000804020100800000102040810200076
:1054000040404040404040000404040404040400C0
:105410000008102040800000002010080402010055
:10542000007048080808F000000000303601000055
:10543000C030C828E810E0000718272423140B0008
:105440000000C038E0000000203C23020227382082
:1054500008F8888888700000203F202020110E0066
:10546000C03008080808380007182020201008005D
:1054700008F808080810E000203F202020100F0046
:1054800008F88888E8081000203F20202320180012
:1054900008F88888E8081000203F2000030000007A
:1054A000C03008080838000007182020221E02001B
:1054B00008F808000008F808203F210101213F20DA
:1054C000000808F8080800000020203F2020000005
:1054D00000000808F8080800C08080807F000000F5
:1054E00008F888C028180800203F2001263820002E
:1054F00008F8080000000000203F20202020300095
:1055000008F8F800F8F80800203F003F003F2000AE
:1055100008F830C00008F808203F200007183F00B6
:10552000E01008080810E0000F10202020100F00E5
:1055300008F808080808F000203F210101010000D8
:10554000E01008080810E0000F18242438504F001D
:1055500008F8888888887000203F2000030C3020DD
:1055600000708808080838000038202121221C001B
:10557000180808F8080818000000203F2000000064
:1055800008F808000008F808001F202020201F004D
:105590000878880000C83808000007380E010000AD
:1055A000F80800F80008F800033C0700073C030077
:1055B000081868808068180820302C03032C3020DD
:1055C0000838C800C83808000000203F200000004C
:1055D00010080808C83808002038262120201800A4
:1055E000000000FE020202000000007F4040400078
:1055F000000C30C000000000000000010638C000B0
:1056000000020202FE000000004040407F00000057
:105610000020100804081020000000000000000016
:10562000000000000000000080808080808080807A
:10563000000204080000000000000000000000005C
:1056400000008080808000000019242222223F2058
:1056500008F8008080000000003F112020110E009B
:105660000000008080800000000E1120202011002A
:10567000000000808088F800000E112020103F20DC
:105680000000808080800000001F22222222130060
:10569000008080F0888888180020203F20200000AB
:1056A0000000808080808000006B94949493600060
:1056B00008F8008080800000203F210000203F206B
:1056C00000809898000000000020203F202000006B
:1056D000000000809898000000C08080807F00005B
:1056E00008F8000080808000203F24022D30200038
:1056F000000808F8000000000020203F20200000E3
:105700008080808080808000203F20003F20003FFC
:10571000008080008080000000203F2100203F208A
:105720000000808080800000001F202020201F00BB
:10573000808000808000000080FFA12020110E00EA
:105740000000008080808000000E112020A0FF80DB
:10575000808080008080800020203F212000010088
:1057600000008080808080000033242424241900DD
:10577000008080E0808000000000001F20200000EA
:105780008080000000808000001F202020103F202B
:10579000808080000080808000010E3008060100BB
:1057A00080800080008080800F300C030C300F0060
:1057B00000808000808080000020312E0E3120008B
:1057C000808080000080808080818E7018060100BB
:1057D00000808080808080000021302C22213000D9
:1057E00000000000807C020200000000003F4040FA
:1057F00000000000FF00000000000000FF000000AB
:105800000002027C800000000040403F00000000D9
:105810000080404080000080000000000001010086
:105820000000000000000000002F00000000070042
:10583000070000147F147F1400242A7F2A120023FB
:10584000130864620036495522500000000700002A
:1058500000001C224100000041221C000014083EF0
:1058600008140008083E0808000000A060000008B6
:10587000080808080000606000000020100804020A
:10588000003E5149453E0000427F400000426151C8
:105890004946002141454B31001814127F10002762
:1058A00045454539003C4A49493000017109050325
:1058B00000364949493600064949291E0000363656
:1058C00000000000563600000008142241000014B9
:1058D0001414141400004122140800020151090696
:1058E000003E4955592E007C1211127C007F494917
:1058F0004936003E41414122007F4141221C007F48
:1059000049494941007F09090901003E4149497A55
:10591000007F0808087F0000417F410000204041CF
:105920003F01007F08142241007F40404040007F3B
:10593000020C027F007F0408107F003E4141413E7F
:10594000007F09090906003E4151215E007F0919C7
:1059500029460046494949310001017F0101003FC4
:105960004040403F001F2040201F003F4038403F44
:1059700000631408146300070870080700615149A8
:10598000454300007F414100000204081020000050
:1059900041417F00000402010204004040404040B9
:1059A000000001020400002054545478007F484451
:1059B000443800384444442000384444487F003888
:1059C0005454541800087E0901020018A4A4A47CB1
:1059D000007F080404780000447D4000004080847B
:1059E0007D00007F102844000000417F4000007CC3
:1059F00004180478007C08040478003844444438CF
:105A000000FC242424180018242418FC007C08041A
:105A1000040800485454542000043F444020003CF3
:105A20004040207C001C2040201C003C4030403C7A
:105A3000004428102844001CA0A0A07C004464540A
:105A40004C440000087F41000000007F000000007F
:105A5000417F0800000804081008EFBC8C0000001B
:105A60000000000000000000000000000000000036
:105A7000005838000000000000000000000000E3B3
:105A80008082000000000000000000000000000014
:105A9000000000000000182424180000000000008E
:105AA00000000000E4BDA00000008060F807402076
:105AB000180F08C80808281800010000FF00100C83
:105AC0000340807F0001061800E5A5BD000010100E
:105AD000F01F10F000808282E2928A8680004022CD
:105AE00015081661000040807F0000000000E4B847
:105AF000960000202020FE2020FF202020FF2020D4
:105B00002020000000007F4040474444444740407C
:105B1000400000E7958C0000000000FE929292FE8B
:105B2000929292FE0000000008080484621E0100A8
:105B300001FE020404080800E8BDA6000000088871
:105B40004828180FE808080808080800000808098D
:105B500009090909FF0909090909080800E7AA97BD
:105B60000000100CC4544C64D54644444C54C41436
:105B70000C000000FF404462554955434040FF007F
:105B80000000E997A8000000F801060000020202E8
:105B900002020202FE000000FF0000000000000000
:105BA000000040807F0000E781AF0000807000FFB0
:105BB000201004040404FC0404040400806018079A
:105BC0000830000040807F0000000000E5BC80003D
:105BD0000080828282FE8282828282FE8282828033
:105BE00000008040300F0000000000FF00000000B7
:105BF00000E590AF0000000000FC444444454644EA
:105C00004444447C00004020180700FC44444444C1
:105C1000444444FC0000E585B30000000010111668
:105C20001010F01010141310000000818141412168
:105C3000110D030D11214141818100E997AD000053
:105C400000F80122202222A2FA22222202FE0000D3
:105C500000FF0008040211201F000040807F0000A8
:105C60000000000000FF01010131090909098971E3
:105C700001010101FFFF808080808080968180800B
:105C800080808080FFFF01818181FD8991A1C1FD1C
:105C900081818101FFFF808080809F888482819F35
:105CA00080808080FF00000064656661756C7454BC
:105CB00061736B00D45C010800000020100100003B
:105CC00032190108E45D010810010020903B00003A
:105CD0004219010800000000000000000000000060
:105CE00000000000000000000000000000000000B4
:105CF00000000000000000000000000000000000A4
:105D00000000000000000000000000000000000093
:105D100000000000100000000100000000127A00E6
:105D20000000000000000000000000000000000073
:105D30000000000000000000000000000000000063
:105D40000000000000000000000000000000000053
:105D50000000000000000000000000000000000043
:105D60000000000000000000000000000000000033
:105D70000000000000000000000000000000000023
:105D80000000000000000000000000000000000013
:105D900000000000AAAAAAAA00000000000000005B
:105DA00000000000000000000000000000000000F3
:105DB0000000000000000000000000009C360020F1
:105DC00000000000000000000000000000100000C3
:105DD00000000000000000000000000000000000C3
:045DE00000000000BF
:040000050800C131FD
:00000001FF
